Marka,model,Wydajność,Aparat,Ekran,Oprogramowanie,Bateria+ładowanie,Audio,Wykonanie,Dodatkowe,Komfort,Jakość/cena
Huawei,Huawei p20pro ,9,10,6,7,8,7,10,7,10,10
Huawei,P30,8,9,7,8,8,8,10,7,10,9
Xiaomi,Mi 9,9,6,7,7,6,6,10,8,9,10
Xiaomi,Redmi 5 plus,7,3,7,6,8,4,8,8,8,7
Samsung,S9,10,9,10,10,7,7,10,9,10,9
Nokia,Nokia 8,8,6,4,5,6,7,10,5,7,7
Redmi,redmi note 4,7,5,6,3,6,7,7,5,8,8
Samsung,Samsung Galaxy S10e,8,8,8,9,6,3,10,9,10,9
Huawei,m10l,8,4,7,3,7,6,7,4,8,9
Huawei,P30,9,9,8,10,10,7,10,7,10,10
Redmi,Redmi note 8 pro,9,8,8,7,7,8,8,7,8,10
Oneplus,One Plus 7 pro 8/256,9,7,10,9,8,8,10,6,9,7
Xiaomi,Redmi 4x,1,3,1,5,1,4,10,0,0,7
Meizu,Meizu 16,8,7,9,3,6,6,10,7,8,10
Huawei,Mate 20 lite ,4,8,2,7,3,10,10,9,8,3
Meizu,meizu m6t (meizu najlepsze <3),5,7,9,1,8,6,8,4,6,10
Apple,iphone se 2016,8,6,6,9,2,8,10,6,8,7
Xiaomi,redmi 4x,7,3,6,10,8,7,7,6,8,10
Sony,Xperia XZ1,10,5,7,8,7,8,3,10,7,4
Huawei,P8 lite,6,4,5,2,9,5,10,6,5,6
Xiaomi,Redmi Note 8T,8,8,8,10,9,10,10,7,10,10
Xiaomi,redmi note 5 ,6,6,2,5,10,6,8,7,3,10
Apple,iPhone 6s,8,9,10,10,9,8,10,8,9,9
Apple,iPhone Xs,10,9,10,10,7,10,10,8,10,8
Apple,iPhone 8+ 64gb,8,6,7,10,4,5,10,4,9,9
LG,V30,8,8,6,7,6,10,10,9,9,7
Xiaomi,Redmi Note 5,8,7,5,10,10,8,7,6,8,10
Apple,iPhone Xs,10,8,9,10,7,7,10,8,10,8
Xiaomi,Mi 9T Pro,8,9,10,8,9,8,10,7,10,10
Xiaomi,mi 9t,9,4,7,8,9,7,7,7,9,10
LG,lg k8,4,2,9,8,4,10,9,6,8,8
Xiaomi,mi a3,10,8,5,3,10,10,10,5,10,10
Xiaomi,Redmi Note 7,8,7,6,9,10,4,6,6,9,10
Apple,iphone 8 plus,9,8,8,10,7,9,9,9,10,9
Huawei,P10 lite,8,7,9,10,8,9,10,8,10,10
Xiaomi,redmi note 7,8,8,10,9,7,6,9,8,9,10
Samsung,Galaxy s8+,8,3,7,5,4,7,10,10,9,8
Apple,iPhone 6S Plus (jailbroken),8,7,10,10,8,8,10,6,9,10
Apple,6s+,8,7,9,10,7,10,9,6,9,10
Apple,iPhone 6,8,8,10,9,2,9,10,4,8,10
Xiaomi,Mi 9,10,8,8,9,8,8,10,8,10,10
Samsung,A5 2016,9,5,9,5,5,10,10,10,10,10
HTC,U11,8,8,9,9,9,10,10,7,9,10
Samsung,Galaxy A50,8,6,8,9,9,6,10,8,9,7
Samsung,Galaxy S7,3,7,6,6,3,5,10,10,5,8
Samsung,s10e,8,7,9,5,9,10,8,5,9,9
Samsung,Galaxy A50,8,5,8,9,10,4,9,7,7,5
Samsung,Galaxy J5,9,8,9,7,8,8,10,7,10,10
Redmi,Note 3 pro,6,5,4,6,7,7,4,5,6,8
Samsung,Galaxy S6 Edge,5,4,9,5,3,9,8,2,6,10
Xiaomi,Redmi 5 Plus,6,4,6,9,7,7,10,7,7,9
Xiaomi,Mi 9,8,6,7,4,8,6,9,6,7,9
Samsung,galaxy s10e,10,8,8,8,4,8,10,8,8,8
Samsung,Galaxy S5,3,2,3,0,3,2,10,5,5,5
Xiaomi,Redmi Note 7,8,7,10,9,9,7,10,4,10,10
Samsung,Samsung s10e,9,9,9,10,6,10,8,8,8,10
Huawei,Huawei p30 pro ,8,9,7,7,8,6,10,7,9,10
Samsung,Galaxy s10e,8,9,7,8,6,9,10,10,9,10
Blackberry,Key 2,10,10,10,10,10,10,10,10,10,10
Xiaomi,mi a2 lite,9,3,10,6,10,7,4,4,3,3
Huawei,Mate 10 lite,9,8,9,9,7,10,10,5,10,8
Motorola,motorola one vision 4,9,7,9,8,9,10,10,7,10,10
Apple,XS Max,9,8,9,10,10,10,10,10,10,10
Samsung,Samsung galaxy a5 2017,7,3,10,10,4,7,10,10,8,7
Samsung,A3 2017,5,4,8,6,8,7,9,8,6,7
Redmi,redmi note 7,8,6,8,8,10,4,10,6,10,9
Apple,IPhone 8 ,10,5,7,3,8,10,10,7,10,10
Samsung,Galaxy A71,7,9,8,6,9,6,8,6,7,6
Huawei,P 30 lite,8,7,7,7,6,5,7,3,8,8
Huawei,P30,7,7,8,7,8,7,10,5,7,8
Xiaomi,Mi 9T pro,10,10,10,9,10,8,10,10,10,10
Apple,iPhone 11,10,8,6,10,10,9,10,7,10,6
Apple,iPhone XR,7,8,7,9,7,8,9,9,9,8
Redmi,Redmi Note 7,8,5,8,10,7,9,9,4,9,10
Samsung,Galaxy A70,10,9,9,10,9,10,10,6,10,10
Oneplus,5T,8,8,10,8,5,5,10,10,10,10
Apple,XS,10,9,10,10,9,9,10,8,10,10
Xiaomi,Redmi Note 7,7,7,8,9,10,9,10,7,9,10
Xiaomi,Xiaomi mi 9,8,6,8,7,6,6,9,7,8,10
Asus,Zenfone 2 Laser ZE500KL Z00ED,4,4,7,3,7,7,8,8,5,6
Redmi,Redmi note 7,10,8,8,9,10,7,10,8,10,10
Nokia,3510i,10,10,10,4,9,1,10,3,10,10
Xiaomi,Mi 9T,8,7,9,6,8,7,9,8,9,7
Samsung,Galaxy a70,9,8,8,10,9,8,10,7,9,9
Oneplus,Oneplus 7t,9,8,8,9,8,8,9,6,9,9
Xiaomi,Pocophone F1,9,6,6,8,9,7,9,7,10,10
Huawei,P30pro ,9,9,7,6,10,6,9,7,7,8
Redmi,Redmi Note 7,7,5,3,7,6,5,9,5,9,10
Xiaomi,Redmi 4X,9,6,7,10,6,8,3,5,9,10
Huawei,P8 Lite,4,2,3,0,0,3,7,4,3,3
Xiaomi,Pocophone F1,9,6,5,7,7,8,7,9,9,10
Xiaomi,Mi8,10,8,6,10,6,7,9,3,10,10
Huawei,HUAWEI P20 lite,7,5,5,9,8,7,10,8,7,10
Meizu,Meizu M3 Note,2,3,1,0,1,7,6,1,0,5
Samsung,Galaxy note 9,7,5,8,10,4,8,9,9,8,6
Huawei,Jakiś służbowy szrot,3,4,2,5,7,2,8,4,4,10
Sony,Xperia XZ2,8,5,5,10,7,7,10,6,8,9
Samsung,Galaxy j5 2016,1,8,5,2,2,3,2,1,2,0
Oneplus,7 Pro,10,8,9,9,8,10,10,9,10,10
Xiaomi,Mi 9,10,8,8,9,10,10,6,7,10,10
Xiaomi,Mi10 ,10,9,10,9,10,10,10,10,9,7
Huawei,Huawei,9,9,8,8,8,9,10,8,10,10
HTC,,10,8,10,5,7,10,10,6,8,9
Honor,Honor 8x,8,6,8,7,8,7,8,9,8,9
Xiaomi,Pixel 1,9,10,7,9,3,8,10,10,10,10
Xiaomi,MI 9,9,8,7,7,6,8,10,6,10,10
Xiaomi,Redmi Note 8 Pro,10,6,9,8,9,8,10,7,10,10
Samsung,samsung a70,9,5,7,10,9,8,7,10,9,8
Samsung,Galaxy Note 10,10,9,8,9,5,9,7,9,10,8
Xiaomi,Mi 8,10,7,6,7,8,9,10,4,10,8
Redmi,Redmi note 6 pro,5,6,5,7,6,7,8,8,5,7
Huawei,P30 lite,8,8,7,5,9,9,10,4,10,6
Samsung,Galaxy Note 8,10,10,10,9,0,5,10,5,7,5
Apple,iPhone Xr,9,8,8,9,8,8,10,9,10,8
Xiaomi,mi mix 3,7,6,8,7,4,5,4,7,8,7
Huawei,Nova 5t,10,8,8,10,10,8,10,8,10,10
Xiaomi,Xiaomi redmi note 8t,8,9,7,8,8,3,7,6,9,9
Samsung,A20e,5,6,6,6,10,7,9,3,7,9
Apple,11,10,9,7,10,10,7,10,7,10,7
Apple,11 Pro Max,8,6,5,8,10,7,10,9,8,10
Huawei,huawei p20 lite,4,8,5,7,3,4,3,6,5,5
Xiaomi,Mi9 SE,9,9,10,10,7,8,10,8,7,10
Samsung,S20+,10,10,10,10,10,10,10,10,10,7
Xiaomi,mi 9t,9,8,9,10,10,8,9,10,10,9
Apple,x,8,6,8,9,7,7,10,7,9,6
Xiaomi,Mi 9T,7,8,10,5,6,3,9,7,5,8
Apple,XS Max,10,10,10,10,7,10,10,10,10,7
Motorola,One Vision,7,5,6,8,7,7,8,5,8,9
Huawei,Huawei p9 lite 2017,4,6,8,3,3,7,3,6,2,6
Apple,iPhone 11,10,9,7,10,8,10,10,8,10,10
Google,Pixel 3a,9,9,8,9,7,8,8,6,9,7
Huawei,P30Pro,10,10,10,8,10,7,10,10,10,10
Apple,11,9,9,7,9,10,9,10,5,9,6
Apple,iPhone 8,10,7,3,9,5,8,10,7,9,6
Xiaomi,Mi 9,9,9,8,6,7,8,10,6,9,10
Motorola,E6 plus,9,7,8,8,9,7,9,7,9,10
Xiaomi,Xiaomi redmi note 7,6,8,8,10,9,9,10,7,6,7
Samsung,Galaxy Note 9,9,10,10,8,6,10,10,10,8,10
Samsung,Samsung Galaxy M21,9,6,10,6,10,8,8,7,10,10
Apple,SE 2016,9,8,8,10,7,9,10,7,10,10
Samsung,Galaxy S10,9,9,10,10,3,9,10,8,10,4
Huawei,mate 20,9,9,6,4,10,9,10,8,9,9
Xiaomi,Mi 9 SE,8,6,8,5,8,7,9,8,7,9
Samsung,Galaxy J7,2,5,8,4,5,5,9,3,4,8
Samsung,Galaxy a10,5,3,7,7,6,7,8,3,5,3
Huawei,P30 Pro,10,9,8,7,9,7,10,8,8,7
Sony,Z5,7,8,6,4,6,9,8,5,9,4
Samsung,S9,8,8,10,9,6,10,10,10,9,10
Huawei,P10,8,7,7,7,7,9,8,6,9,9
Apple,iPhone Xs Max,10,9,9,10,8,10,10,10,10,8
Oneplus,OnePlus 6,10,7,6,7,9,9,10,5,10,10
Sony,Xperia XZ1,9,7,5,3,5,8,9,8,7,10
Oneplus,7T Pro,10,8,10,10,7,10,10,5,10,9
Samsung,Galaxy A70,8,7,9,8,10,7,9,7,10,7
Google,Pixel 3A,10,10,10,10,9,10,9,10,10,10
Xiaomi,Mi 5S,3,8,7,1,4,7,4,6,4,7
Nokia,Nokia 7 plus,7,2,0,10,7,6,10,3,8,6
Samsung,Galaxy S20,10,10,10,8,6,8,10,9,9,8
Oneplus,7 pro 12/256,9,5,8,8,10,7,8,4,8,10
Sony,xperia m2,3,3,3,1,8,1,10,5,5,7
Motorola,Moto G7 Power,6,3,2,9,10,4,5,4,7,8
Xiaomi,Redmi note 8 pro,3,8,8,1,6,4,4,4,3,3
Xiaomi,mi 9 se,8,8,9,8,5,6,8,5,9,10
LG,G6,6,7,8,6,7,7,8,7,7,8
Pocophone,Pocophone f1,10,9,6,10,10,10,10,9,10,10
Samsung,galaxy s10e ,7,5,9,8,5,6,4,8,8,7
Xiaomi,Xiaomi Mi6,7,5,5,6,6,5,2,3,3,4
Redmi,Redmi note 8 pro,10,8,10,9,10,7,10,10,10,10
Samsung,Samsung Galaxy A70,7,6,7,7,7,7,5,6,7,6
Oneplus,OnePlus 7 Pro,9,10,10,9,7,8,9,5,10,8
Xiaomi,Mi 9,9,6,8,9,5,4,10,6,10,10
Xiaomi,Pocophone F1,10,10,10,10,10,10,10,8,10,10
Asus,Rog Phone I,10,9,10,10,5,10,10,10,10,10
Samsung,Galaxy S20+ 5G,10,9,10,8,5,9,10,8,3,3
Samsung,Galaxy S20+ 5G,9,9,10,9,5,8,10,9,3,2
Huawei,P30 Pro,9,10,7,7,10,6,10,6,9,9
LG,V30,10,8,10,5,5,10,10,9,9,8
Xiaomi,Mi 9,9,7,8,5,3,7,9,5,6,9
Xiaomi,Xiaomi mi 8,9,9,7,7,7,7,10,9,0,10
Huawei,P30 pro,9,8,9,8,9,10,10,7,9,8
Huawei,Nova 5t,10,9,8,9,10,7,10,8,10,10
Xiaomi,Xiaomi Redmi 5 Plus,9,6,8,7,10,7,9,5,8,10
Apple,SE 2gen,8,6,8,8,9,9,8,10,9,10
Huawei,P30 Pro,10,10,7,8,10,7,10,9,10,10
Motorola,Moto G6 Play,9,7,10,10,10,10,10,6,10,10
LG,V30,6,8,2,1,5,6,9,6,3,7
Xiaomi,Redmi Note 4,7,4,6,6,6,6,7,7,9,9
Samsung,A70,8,6,8,10,10,9,10,7,10,8
Xiaomi,redmi note 5,8,3,5,8,9,5,10,5,8,10
Apple,iPhone X,10,6,10,10,7,8,10,4,10,10
Apple,Apple iphone se ,7,7,8,9,2,5,10,8,9,10
Huawei,Huawei P20 Pro,9,9,7,7,10,10,9,7,10,10
Samsung,S20+ 5G,9,8,10,7,5,9,9,10,8,7
Huawei,mate 20 lite,5,8,5,10,4,5,3,8,4,6
Huawei,P20,9,8,9,8,9,8,10,8,10,9
Motorola,Moto G7 Plus,8,7,8,9,8,9,10,8,8,10
Xiaomi,Xiaomi mi note 10 lite ,10,9,10,9,10,7,10,6,10,9
Samsung,Samsung Galaxy Note 9,9,9,10,8,6,10,10,10,10,9
Samsung,S7,9,9,8,6,5,5,10,8,7,9
Apple,Iphone 6s plus,8,3,2,10,5,7,10,7,9,7
Xiaomi,Xiaomi redmi note 6 pro,4,8,9,10,7,8,10,9,10,10
Huawei,Huawei P30,10,9,10,9,10,8,10,6,10,9
Xiaomi,Mi 8 6/128,5,3,1,0,3,10,5,2,5,10
Samsung,galaxy j4+,1,5,7,7,8,10,10,8,4,5
Xiaomi,Mi Note 2,7,5,7,6,7,8,8,7,8,9
Samsung,Samsung Galaxy S9+,8,8,8,6,6,8,7,5,9,7
HTC,HTC U Ultra,6,8,4,1,1,9,9,6,5,8
Huawei,P40 lite,8,9,8,8,10,8,10,8,10,9
Xiaomi,Mi9t,10,9,10,10,8,9,10,10,10,10
LG,V30 ThinQ,9,8,8,6,7,10,10,10,10,9
Samsung,Samsung Galaxy j7 (2016),2,4,7,5,7,7,9,8,4,4
Huawei,p20 lite,9,7,10,10,7,8,10,5,10,10
Xiaomi,Xiaomi Mi 9,9,7,8,5,5,9,10,8,10,10
Samsung,Galaxy S9,9,8,10,10,8,9,10,10,10,10
Samsung,S10e,9,9,8,10,4,8,10,8,10,10
Samsung,S9+,8,9,8,7,4,7,9,9,8,8
Huawei,P smart,7,5,8,10,8,6,10,5,8,9
Samsung,Galaxy S9+ 64 GB,8,7,6,5,7,6,9,10,8,7
Apple,Iphone 11 pro max,10,10,9,9,10,8,10,9,9,9
Redmi,redmi note 5,2,3,4,1,1,5,7,3,1,4
Xiaomi,Mi a2 lite,7,4,6,3,7,5,9,0,6,10
Samsung,Samsung Galaxy S10+,8,10,9,10,6,7,10,10,9,7
Xiaomi,redmi 9 SE,9,9,8,8,7,8,9,6,9,10
Xiaomi,Mi 9,10,8,9,8,8,8,10,9,10,10
LG,LG V30 ,7,7,8,5,7,9,10,7,6,9
Xiaomi,Mi A2 lite,8,3,6,2,9,7,4,8,7,10
Samsung,samsung s20,10,10,10,10,8,10,10,10,10,10
Samsung,Galaxy S9+,8,8,9,7,4,5,9,8,8,7
Honor,Honor 9,7,7,5,5,6,8,9,6,7,10
Motorola,Moto G8 Power,10,6,7,10,10,10,9,7,10,10
Apple,iPhone 7 Plus,9,8,6,10,8,6,10,3,9,7
Huawei,p20 lite jebane gówno,0,0,0,0,0,0,0,0,0,0
Huawei,P30,9,10,9,9,10,10,10,7,10,9
Samsung,S8,9,8,10,2,3,8,10,8,8,9
Samsung,Galaxy Note8,6,9,8,8,3,6,10,10,10,8
Apple,XS,10,10,10,10,6,10,10,10,10,6
Xiaomi,Redmi Note 8 Pro,10,9,9,7,7,9,9,6,10,10
Apple,X,10,7,8,9,7,9,10,7,9,6
Xiaomi,Mi 9t,8,8,9,7,7,8,8,8,10,10
Google,Pixel 2 XL,9,10,4,10,4,7,10,7,9,10
Huawei,Mate 10 lite ,7,4,8,8,3,5,3,6,3,0
Apple,XS,8,8,6,10,6,9,9,7,9,9
Samsung,Samsung galaxy a5 2017,6,4,10,10,6,6,9,7,9,8
Huawei,P30,8,9,7,9,8,5,9,4,10,9
Oneplus,OnePlus 5,7,5,7,4,8,10,10,10,8,10
Samsung,A70,8,8,8,8,7,6,6,5,8,8
Apple,Iphone 8,10,8,10,10,7,8,10,9,10,9
Huawei,M10L,8,5,7,4,5,7,7,5,7,9
Xiaomi,Xiaomi mi 8,10,8,10,10,10,7,10,5,10,10
Samsung,S10,8,9,9,9,7,10,10,9,10,9
Xiaomi,redmi note 7,7,7,5,4,10,8,6,7,8,10
Xiaomi,Redmi 7,7,4,5,9,9,5,10,3,7,10
Honor,Honor 9,6,8,5,7,6,5,8,6,8,6
Samsung,Samsung galaxy a8 2018,7,5,8,10,6,7,10,8,8,8
Xiaomi,Mi 9t pro,9,8,9,7,8,8,10,6,10,10
Huawei,y5 2018,5,1,3,0,4,5,4,5,2,3
Samsung,Samsung Galaxy S10+,9,10,9,10,9,10,10,10,9,10
Apple,IPhone 7 Plus ,10,8,7,9,4,7,9,5,8,8
Apple,IPhone Xs 256gb,10,9,8,10,10,8,10,5,10,7
Huawei,Nova 5T,10,9,8,9,7,7,9,6,10,9
Xiaomi,Mi9,8,8,8,8,6,7,10,3,10,10
Samsung,Samsung Galaxy s10e,10,10,10,10,9,9,9,10,10,10
Xiaomi,Pocophone F1,9,6,4,6,3,6,9,6,10,10
Google,Pixel 2XL,9,10,8,10,8,7,10,10,10,10
Huawei,mate 10 lite,9,8,10,8,7,10,9,10,9,9
Sony,Sony Xperia X Performance,1,3,6,2,2,10,10,9,2,8
Xiaomi,redmi 5 plus,3,10,8,9,8,6,9,8,6,8
Apple,iPhone 7,0,0,0,0,0,0,0,0,0,0
Samsung,Galaxy s20 Plus,8,6,10,7,3,9,9,8,2,1
Oneplus,OnePlus 7,10,8,8,10,8,10,10,6,10,6
Xiaomi,Redmi note 7,8,8,8,8,10,10,10,9,9,10
Huawei,P10 Lite,3,3,7,4,7,7,10,8,8,3
Huawei,P30 pro,9,10,10,9,10,7,10,10,10,10
Huawei,Y7 prime 2k18,3,6,4,3,6,7,2,5,4,7
Xiaomi,mi 9t,10,8,9,9,10,9,10,7,10,10
Samsung,s7,8,8,7,2,3,9,10,9,8,10
Huawei,P10 Lite,7,3,2,7,3,7,6,3,5,7
Samsung,galaxy note 8,9,6,8,8,5,9,9,10,10,9
Redmi,Redmi note 8t,7,7,5,9,8,4,10,7,8,10
Apple,11 Pro Max,10,9,10,10,9,10,10,10,10,6
Oneplus,7T Pro ,9,9,10,10,10,10,10,9,10,10
Samsung, Samsung Galaxy a5 2016,8,3,6,6,9,7,10,5,10,10
Xiaomi,Mi 9,9,6,7,6,9,5,9,7,10,10
Nokia,Nokia 6,8,4,10,10,9,8,10,8,10,10
Samsung,Galaxy S8,8,8,10,10,8,9,10,10,9,9
Huawei,p30,10,8,8,8,7,9,10,6,7,5
Samsung,Samsung Galaxy S10,9,10,10,10,8,9,10,10,10,10
Huawei,P20lite,1,0,3,2,1,5,1,2,0,0
Huawei,Huawei Y5 2019,5,7,9,10,5,7,10,6,9,10
Xiaomi,redmi 5 plus,7,3,7,7,7,5,8,4,7,9
Xiaomi,Mi mix 3 5g,9,7,9,6,8,7,9,4,8,7
Samsung,A50,10,7,9,7,9,6,10,6,10,10
Xiaomi,Pocophone F1 ,9,6,8,10,9,10,9,8,9,10
Xiaomi,Xiaomi mi9,9,8,7,6,6,7,9,6,8,10
Apple,XS,9,10,8,10,5,10,10,8,8,8
Oneplus,Oneplus 8 pro,10,9,9,10,7,7,10,8,10,8
Huawei,Huawei P20,9,9,7,9,8,6,10,7,8,8
Redmi,Note 8T,7,8,6,7,9,8,9,7,9,9
Oneplus,7 pro,9,7,10,9,7,7,7,6,9,8
Redmi,Redmi Note 8T,10,7,10,9,10,8,9,10,10,10
Huawei,Huawei p20,8,8,6,6,7,6,9,3,8,8
Apple,iPhone SE (2 gen),10,6,7,10,8,9,10,8,10,10
Nokia,Nokia 4.2 3/32,4,4,5,5,3,5,10,5,3,7
Motorola,One Action,10,8,9,8,10,9,0,5,10,10
Xiaomi,Mi note 10 lite,9,6,9,8,10,9,10,10,9,10
Samsung,Galaxy S9+,7,7,9,9,2,6,8,10,7,7
Xiaomi,Redmi note 8 pro,10,8,8,9,10,7,10,9,10,10
Xiaomi,Mi Max 3,7,4,8,4,9,8,10,6,10,9
Oneplus,Oneplus 8,10,7,10,10,9,9,9,8,10,8
Sony,Xperia 1,10,10,9,10,8,10,10,8,10,10
Samsung,S10+,8,8,9,8,8,9,9,9,9,7
Huawei,Huawei P30,9,10,8,7,9,9,10,9,10,9
Xiaomi,Pocophone F1,10,8,8,9,8,9,9,8,10,10
Apple,Xs 512GB,10,4,2,9,3,6,9,7,1,1
Xiaomi,Mi 9t pro,8,6,9,7,7,7,9,8,8,8
Huawei,Huawei Mate 20 lite,8,4,4,9,9,8,7,2,8,8
Xiaomi,Poco F2 Pro,8,7,8,7,10,8,10,7,9,10
Google,Pixel 3XL,10,10,8,10,7,5,10,8,10,5
Huawei,P9 lite 2017,3,7,5,0,4,1,6,2,3,6
Motorola,Motorola one vision,9,7,6,5,4,6,9,8,8,8
Xiaomi,"Mi Note 10, Mi MIX 3",9,10,9,9,10,8,9,10,9,8
Xiaomi,Redmi 5 +,6,6,8,8,7,8,7,7,8,8
Apple,xs ,10,9,8,9,7,10,10,10,10,8
Oneplus,3t,10,5,7,6,6,5,10,9,10,10
Huawei,huawei p30 lite ,7,8,10,10,4,10,10,6,8,3
Oneplus,Oneplus 6,10,8,10,10,8,8,10,6,10,10
Apple,8,9,8,7,10,7,10,10,9,8,8
Samsung,Galaxy j7 2017,7,8,6,6,5,7,5,7,7,9
Xiaomi,Xiaomi mi 9t pro,9,9,10,8,10,6,10,10,10,10
Lenovo,Lenovo Z5 Pro GT,8,6,10,7,6,9,8,8,6,10
Oneplus,7 pro,10,8,10,9,7,9,8,6,10,9
Google,Google Pixel 2 XL,9,9,8,10,9,9,10,6,9,10
Apple,iPhone 11 64GB,10,10,5,9,8,8,10,7,10,10
Samsung,Galaxy S10+,8,8,7,9,7,6,9,10,10,6
Samsung,J3 2016,6,4,6,8,5,8,9,4,8,9
Apple,iphone 11,10,9,7,6,10,10,9,7,10,6
Redmi,Redmi Note 8t,10,9,10,8,10,10,10,10,10,10
Google,Google Pixel 3a,6,8,5,9,7,9,5,6,7,8
Xiaomi,MI 5,8,4,4,4,1,4,4,10,5,6
Xiaomi,redmi note 7,8,4,8,3,9,8,6,5,4,7
Apple,iPhone 11,10,10,8,10,7,9,10,10,10,8
Redmi,Redmi note 7,8,8,8,7,7,7,10,9,10,10
Sony,XZ1,8,7,6,3,7,5,10,10,9,7
Huawei,p30 pro,8,10,7,6,8,4,10,8,10,10
Oneplus,7T,10,7,9,10,8,6,10,5,10,9
Xiaomi,redmi note 4,10,2,4,6,8,3,6,2,9,10
Redmi,Redmi Note 8T,7,8,8,7,9,7,8,4,7,10
Xiaomi,Redmi note 8T ,8,10,9,10,8,10,8,8,10,10
Sony,Xperia XZ1 Compact,8,10,7,8,3,10,10,9,10,10
Xiaomi,Xiaomi MI9t,8,9,9,7,9,8,9,5,7,9
Xiaomi,Mi 9T,9,8,9,8,10,9,10,8,9,10
Samsung,galaxy s10e,10,9,9,10,4,10,10,10,7,10
Sony,Xperia XA2 Ultra ,5,5,8,8,7,8,6,7,5,4
Samsung,Galaxt J5 2017,2,3,3,5,2,5,4,4,3,4
Xiaomi,Redmi note 8pro,10,7,8,9,9,8,10,7,10,10
Xiaomi,Redmi Note 5,8,6,6,8,9,9,9,9,9,8
Xiaomi,Xiaomi Mi9T Pro,9,7,8,9,6,7,9,8,9,10
Xiaomi,Xiaomi Mi 8,8,4,5,3,8,6,9,5,8,8
Huawei,P30 Pro,8,10,8,7,7,6,9,8,9,10
Redmi,Redmi note 8 pro,9,7,6,7,9,5,6,5,9,9
Xiaomi,Xiaomi Mi 9T,9,4,8,9,10,7,8,8,10,9
Samsung,a20e,6,7,7,8,7,7,6,9,8,9
Apple,Xs,8,8,9,9,8,10,10,8,9,8
Xiaomi,Redmi 7,7,6,6,9,10,10,10,9,8,10
Xiaomi,redmi note 8 pro,10,8,9,10,10,8,10,5,10,10
Xiaomi,Redmi 8 3/32,8,6,6,7,10,9,9,8,10,10
Xiaomi,mi 8,10,6,8,8,9,9,10,7,9,10
Xiaomi,mi 9 se,8,8,9,8,6,8,10,3,9,10
Apple,11 pro ,9,10,7,10,10,10,10,10,10,10
Apple,iPhone xs,10,9,10,10,8,10,10,10,10,5
Apple,XS Max,10,7,10,1,7,8,0,5,9,7
Apple,XR,9,9,7,10,8,9,10,8,10,8
Samsung,Galaxy s10,10,10,10,10,9,9,10,8,10,10
Apple,ip7,9,7,10,5,4,7,9,7,9,7
Apple,8,10,10,10,10,4,9,8,6,10,8
Huawei,P smart 2019,5,4,8,7,3,5,9,7,5,7
Xiaomi,note 8 pro,8,2,5,4,9,4,7,5,6,9
Apple,iphone 8,9,6,9,10,3,6,10,8,10,8
Huawei,huawei p smart 2019 ,9,9,10,7,6,7,7,5,10,9
Apple,8,9,7,8,10,7,9,10,9,9,9
Motorola,Moto g6,7,7,7,6,9,10,9,10,10,10
Samsung,Galaxy A 5,10,10,10,10,10,8,10,9,9,10
Apple,iPhone 6s,10,10,10,10,2,8,10,8,10,8
Motorola,G8 PLUS,9,10,8,9,10,10,10,8,10,10
Samsung,Samsung galaxy s8,8,6,6,9,4,9,9,6,7,8
Huawei,p30 ,10,10,10,10,10,10,10,10,10,10
Apple,iPhone 8,10,7,10,10,8,9,9,8,10,9
Apple,6s,7,6,6,7,3,7,9,1,5,6
Samsung,Galaxy S10+,10,10,10,10,10,10,10,10,10,10
Huawei,Mate 20 lite,10,8,9,9,9,7,7,6,8,7
Xiaomi,Mi A2,8,6,8,8,9,9,9,5,9,10
Samsung,Galaxy S9,10,9,10,8,3,10,10,10,9,7
Samsung,A70,7,7,9,9,10,6,6,7,9,7
Xiaomi,Pocophone F1,9,4,6,10,10,7,9,8,10,10
Xiaomi,Mi A1,7,8,5,4,6,7,5,7,5,5
Apple,iPhone X,10,8,10,10,6,10,10,8,10,8
Apple,7,8,8,3,10,3,5,10,5,6,4
Samsung,Galaxy s 20,9,9,10,6,8,9,10,9,9,7
Xiaomi,Redmi Note 8T,8,9,8,6,9,6,8,7,10,10
Apple,8,7,6,7,6,3,8,10,6,8,7
Xiaomi,Redmi 5 Plus,6,5,5,7,7,7,9,6,7,7
Huawei,P20pro ,9,9,9,10,10,8,10,9,10,8
Apple,iPhone 11 pro,10,10,10,10,10,10,10,10,10,8
Xiaomi,Redmi note 8 pro,8,7,6,7,9,6,10,5,9,10
Apple,iphone 7,9,9,10,7,7,8,0,8,9,7
Huawei,p30 lite,9,6,8,6,4,6,9,8,10,7
Apple,6s,9,7,10,10,5,9,10,5,10,10
Xiaomi,Redmi 4 ,7,5,3,5,6,6,2,5,3,5
Apple,iPhone 8,8,8,10,10,8,5,8,8,7,7
Apple,iPhone 7,9,6,6,10,4,8,10,7,10,10
Apple,Iphone XR,10,10,10,9,1,10,10,10,10,9
Apple,iPhone 11,8,9,9,9,7,8,10,9,10,6
Xiaomi, redmi 4x ,7,4,6,6,8,9,9,4,7,10
Apple,7,8,6,4,10,1,6,8,2,7,5
Apple,ip11 pro,10,10,9,10,8,8,10,10,10,5
Huawei,P9 Smart 2019,6,7,9,8,8,8,8,7,8,7
Huawei,p9,7,5,10,4,7,2,6,2,6,2
Apple,7s+,10,9,9,10,4,7,10,7,10,6
Huawei,P30 Lite,8,7,9,8,9,9,10,7,9,8
Samsung,Galaxy S9+,10,8,9,8,5,8,10,9,10,10
Samsung,Samsung Galaxy S8,9,5,10,8,8,9,10,10,9,10
Motorola,One Vision,9,10,9,10,6,9,10,10,10,10
Xiaomi,Mi 9,10,8,8,8,6,7,10,8,8,10
Apple,iphone se 2016,7,4,5,10,2,8,9,6,7,5
Apple,8 plus,10,7,10,8,7,9,10,10,10,10
Nokia,Nokia 6 (2017),7,5,8,8,5,4,9,4,7,9
Xiaomi,Redmi 8T,10,10,10,10,10,10,10,10,10,10
Xiaomi,Redmi Note 3 Pro,3,4,5,4,8,8,1,6,3,4
Honor,Play,10,8,10,6,7,6,10,5,10,10
HTC,U12 Life,10,7,9,10,10,10,10,10,10,10
Samsung,Samsung A40,9,8,9,9,7,8,7,7,8,9
Samsung,S8,8,10,10,8,6,9,8,10,10,8
Xiaomi,Mi 9 lite,7,9,9,8,8,6,7,7,8,8
Apple,6s,9,8,5,10,1,4,10,8,7,8
Samsung,Samsung a30s ,10,9,10,10,10,8,9,10,10,10
Huawei,P20,8,7,9,7,4,6,8,5,7,6
Samsung,Galaxy S20 Ultra,9,8,10,8,7,9,9,9,9,7
Sony,Xperia xz premium ,8,4,8,7,9,7,9,10,9,7
Apple,XS 64gb ,9,8,5,10,6,8,10,9,10,8
Xiaomi,Mi9,8,9,10,10,8,7,10,10,10,9
Apple,iPhone 7+,10,6,6,10,4,10,10,5,9,10
Samsung,Samsung Galaxy S10+,9,10,9,10,10,9,10,9,10,9
Xiaomi,Redmi note 7,8,10,8,9,7,8,10,6,9,9
Xiaomi,Redmi note 7,9,9,9,10,10,8,10,9,9,10
Apple,iPhone 7 128gb,10,8,10,10,3,8,9,10,10,10
Apple,7,7,10,9,10,5,7,10,10,10,9
Apple,Iphone 8,10,9,10,7,10,10,10,10,10,7
Samsung,s9 plus,10,10,10,10,9,10,10,10,10,8
Redmi,Redmi Note 7,10,7,8,10,8,7,10,7,10,10
Huawei,P20,7,7,8,9,8,6,8,6,8,9
Xiaomi,rn8,9,10,9,7,7,5,6,3,9,10
Apple,iPhone 8,10,8,10,10,4,7,10,6,10,8
Xiaomi,Mi9t pro,9,8,9,8,10,9,9,8,9,10
Samsung,Samsung Galaxy s10e,8,10,10,9,6,10,10,10,10,10
Huawei,redmi note 7,8,6,7,9,9,5,9,5,7,8
Xiaomi,Mi 6,8,8,6,9,9,7,10,3,10,10
Xiaomi,redmi note 7,8,7,10,9,8,9,9,5,7,9
Motorola,Motorola one,8,6,4,8,7,3,10,6,7,9
Xiaomi,redmi Note 7,8,7,9,7,9,5,4,6,10,10
Redmi,Redmi note 7,10,8,8,9,10,6,9,4,10,10
Huawei,Mya,6,3,9,8,6,8,7,3,4,9
Huawei,P Smart,4,8,6,7,3,7,9,5,6,6
Apple,7+,9,9,8,8,1,9,4,6,9,5
Apple,iphone 7,9,6,7,8,8,8,10,3,8,7
Apple,X,10,7,9,9,6,6,9,4,9,8
Xiaomi,redmi 4x,8,8,10,9,10,9,9,9,10,10
Xiaomi,Redmi note 7,8,8,8,8,7,7,9,7,9,10
Apple,iPhone XS,10,8,10,10,6,7,10,8,10,8
Apple,8,9,8,10,10,6,9,10,9,10,7
Oneplus,7T,9,8,8,10,9,9,10,7,9,8
Oneplus,Oneplus 6t,10,9,10,9,10,10,10,10,10,10
Xiaomi,Mi Note 2,7,4,7,9,7,10,10,7,8,9
Huawei,P10 Lite,8,5,8,6,9,9,10,10,8,9
Oneplus,OnePlus 7,9,7,9,10,9,9,10,5,10,7
Apple,IPhone XS MAX ,10,9,10,10,9,9,10,7,10,7
Xiaomi,redmi 4A,7,8,6,9,7,9,4,5,9,10
Apple,iPhone 11,10,8,8,10,8,9,10,9,10,8
Huawei,P30 pro,8,9,9,8,8,6,10,10,9,7
Apple,7,8,7,8,10,3,10,10,10,10,10
Oneplus,6,10,8,9,10,8,8,10,8,10,10
Samsung,samsung galaxy A70,8,9,9,9,6,9,8,5,8,8
Huawei,p z smart 2019,10,5,8,10,4,10,10,4,10,10
Honor,9x,8,9,9,8,7,7,10,8,9,8
Apple,iPhone 8,10,6,10,10,7,7,10,6,10,9
Samsung,Galaxy S10+,10,10,9,10,9,10,10,10,10,8
Xiaomi,Redmi Note 8 Pro,10,7,8,9,7,8,9,6,9,10
Huawei,P30 pro,10,9,10,10,10,9,10,7,9,10
Huawei,Huawei P30lite,10,8,9,9,10,9,10,10,10,10
Samsung,S8,9,9,10,10,7,7,10,9,10,9
Apple,Iphone 8,10,8,8,10,7,10,7,8,10,6
Apple,iphone 6s,6,9,9,9,0,9,9,9,5,5
Huawei,mate 20 lite,0,5,4,5,8,3,7,2,2,6
Oneplus,Oneplus 6,8,5,5,9,10,7,9,7,8,10
Oppo,A72,10,9,8,5,10,9,9,9,9,10
Xiaomi,Xiaomi redmi note 8T,10,6,10,0,10,7,0,9,10,10
Apple,Iphone 6S,10,9,8,10,7,9,10,7,10,10
Xiaomi,redmi note 8 pro,8,7,8,8,7,6,8,5,10,9
Oneplus,5,9,8,9,10,7,8,10,7,9,8
Apple,iphone 7,9,9,9,10,10,10,10,10,10,10
Xiaomi,Mi 9 T,8,8,9,2,5,6,7,4,5,5
Honor,honor 8x,6,3,9,4,7,6,8,2,5,2
LG,G6,7,7,8,6,6,8,10,5,8,9
Xiaomi,Mi 6,8,7,7,7,7,9,8,6,8,6
Redmi,Redmi Note 7,9,7,7,8,9,6,9,8,10,10
Xiaomi,redmi note 8 pro,8,9,9,8,9,7,9,9,6,9
LG,LG G6,3,6,7,7,3,8,8,8,6,8
Samsung,Samsung S9,8,9,9,9,5,9,9,7,9,6
Xiaomi Redmi xd,Redmi Note 8 pro,10,9,8,8,10,7,10,10,9,10
Poco ,F1,10,4,3,10,7,3,3,5,8,10
Apple,Iphone SE 2020,9,7,8,8,9,6,5,7,9,4
Apple,Iphone 8,9,9,8,10,8,7,10,7,10,7
Samsung,Note 10,9,10,8,9,7,10,9,7,9,8
Samsung,Galaxy s9 plus ,9,8,10,8,9,10,7,10,10,10
Google,Pixel 3a,8,8,10,9,7,10,6,8,10,10
Apple,iPhone 8,10,6,5,9,4,9,10,7,10,8
Huawei,P30 pro,9,10,9,10,10,9,10,9,10,8
Xiaomi,Mi 9t,8,9,7,10,8,6,6,9,9,10
Xiaomi,Redmi Note 4X,8,5,7,10,10,6,10,4,9,10
Apple,iPhone X,9,7,8,9,7,10,10,10,9,10
Xiaomi,Redmi Note 8 pro,10,9,8,8,9,9,10,10,10,10
Samsung,Galaxy S8,8,9,10,4,1,7,8,10,8,6
Samsung,S10,6,9,9,6,2,7,8,6,5,4
Samsung,A70,10,8,8,10,10,5,5,2,8,8
Xiaomi,Mi 9T,9,10,10,9,10,8,9,8,9,10
Samsung,Galaxy s10e,8,9,10,8,7,9,10,8,9,7
Samsung,s8,8,7,7,8,6,6,8,8,9,10
Apple,iPhone 11,9,8,10,9,9,8,6,5,9,5
Samsung,Galaxy A71,9,9,10,10,10,9,10,9,10,8
Apple,iPhone X,10,9,10,10,6,10,10,10,10,10
Huawei,Huawei y 2019,6,4,10,6,6,6,5,7,6,8
Apple,iPhone 8 Plus ,8,8,10,9,6,9,10,10,9,8
Xiaomi,Redmi note 7,9,9,6,6,10,7,5,10,10,10
Samsung,galaxy J5,7,9,10,7,4,6,10,5,7,9
Samsung,samsung Galaxy a5 2017,9,7,10,7,10,9,10,10,10,9
Xiaomi,Redmi note 8 pro ,8,5,7,8,6,5,7,6,8,10
Samsung,S7 Edge,8,9,9,7,7,7,8,8,7,9
Samsung,Samsung J5 2018,4,4,3,3,5,7,7,0,5,4
Xiaomi,Redmi 8,8,10,9,6,6,7,9,3,8,10
Motorola,One,7,8,9,9,10,5,7,4,8,9
Huawei,Huawei p10,9,7,8,9,6,8,9,7,10,10
Samsung,Galaxy S8+,10,7,9,10,9,8,9,8,8,8
Xiaomi,redmi note 8 pro,9,7,8,5,9,9,10,7,9,10
Xiaomi,Mi 9T Pro,10,8,10,0,10,8,8,8,10,10
Samsung,J7 2017,9,8,8,8,7,9,10,6,10,9
Apple,8 plus,10,9,9,10,9,9,10,7,10,7
Huawei,Huawei Mate 20 pro,10,10,7,10,10,7,9,9,10,10
Huawei,P8,2,5,6,1,0,2,9,3,3,9
Xiaomi,Xiaomi MI9,10,9,9,10,8,10,10,10,10,10
Samsung,Galaxy S7,9,7,10,9,6,8,10,9,10,8
Honor,8x,8,7,9,7,6,7,9,3,9,7
Samsung,Galaxy s 9+,10,10,10,10,10,10,10,10,10,10
Apple,Iphone 11,10,10,10,10,10,10,10,10,10,10
Samsung,Galaxy S10,10,9,9,10,8,10,10,9,10,9
Apple,X,10,9,10,10,10,9,10,9,10,9
Xiaomi,Redmi Note 8 Pro 6/128,10,9,9,10,10,8,10,10,10,10
Apple,11,10,9,8,10,7,10,8,8,10,7
Samsung,Galaxy Note 10+,9,9,10,10,10,10,10,10,10,9
Motorola,G5,9,3,6,7,3,5,3,10,8,9
Huawei,P9 Lite Mini,5,7,5,5,6,8,9,7,6,7
Xiaomi,Redmi note 5,8,5,8,9,9,7,9,5,8,10
Redmi,Redmi Note 8T,9,7,9,8,7,8,9,9,8,8
Nokia,RM 944,8,0,0,1,10,6,9,5,7,8
LG,Q7,6,7,8,8,7,7,10,7,6,8
Samsung,S9,10,8,10,10,10,10,10,10,10,10
Samsung,A20e,7,9,6,9,9,10,5,8,9,6
Apple,iPhone 7 ,8,8,6,4,8,8,7,3,9,6
Samsung,Galaxy A50,8,7,9,10,9,7,8,6,9,10
Oneplus,Oneplus 6T,9,5,7,10,7,6,8,4,10,8
Huawei,Huawei Y5 ,5,4,7,3,7,6,8,4,3,9
Xiaomi,9t,10,9,10,10,10,9,10,9,10,10
Apple,XS Max,10,8,8,10,6,8,10,6,10,7
Samsung,Galaxy s9 plus,10,9,8,9,7,9,10,10,9,9
Apple,Iphone 11,10,10,9,10,8,10,10,10,10,7
Motorola,moto g7 power,7,7,9,8,10,9,10,7,8,9
Apple,iPhone 11,10,10,10,7,9,10,10,9,10,8
Redmi,Redmi note 8 pro,8,8,8,9,9,9,7,8,10,9
Xiaomi,Mi Mix 2s,9,9,8,10,3,3,5,1,3,7
Apple,Iphone se,9,8,9,10,10,8,10,7,10,10
Honor,Honor 10,8,7,8,6,7,7,9,8,8,8
Huawei,Huawei P9 lite (nie odświeżona wersja),5,8,7,7,4,9,7,6,5,7
Xiaomi,redmi note 5,8,8,10,8,10,9,9,7,8,9
Samsung,samsung galxy j5 2018,8,1,3,5,3,6,7,0,6,8
Samsung,Galaxy S7,9,8,10,10,6,9,10,9,10,10
Xiaomi,mi note 10 pro,10,10,7,8,10,8,10,9,10,10
Apple,8,9,7,8,9,8,9,9,9,9,8
Xiaomi,Mi 9,7,7,4,5,4,4,9,5,2,8
Sony,Sony 10 Plus,10,7,10,10,8,7,10,8,10,8
Samsung,Galaxy s8+,8,9,8,9,7,5,9,8,8,8
Oneplus,One plus 6t,8,8,5,7,7,4,9,10,8,5
Samsung,a40,9,7,9,9,7,7,10,8,10,10
Huawei,P20,9,7,8,8,9,8,3,5,8,8
LG,g6,8,8,6,8,3,5,9,6,6,5
Samsung,a6 2018,7,6,7,8,6,7,9,5,6,8
Apple,iPhone 11,9,10,10,10,8,9,10,8,10,7
Samsung,S10,10,10,10,10,10,10,10,10,10,10
Oppo,CPH1903,10,1,3,10,8,9,8,0,8,2
Xiaomi,Redmi note 5,8,8,10,10,10,9,10,8,9,10
Samsung,samsung galaxy a20e,9,6,7,9,9,7,7,3,9,10
Samsung,Samsung galaxy A50,8,9,8,9,6,10,10,8,9,9
Xiaomi,Redmi note 8,5,9,7,0,10,8,9,5,7,8
Samsung,Galaxy S7,8,8,10,7,7,8,10,4,10,9
Xiaomi,Xiaomi redmi 8,10,9,10,10,10,10,10,8,10,10
Apple,Iphone 8,10,9,8,10,7,10,10,10,7,9
Oneplus,oneplus 8,10,10,10,10,10,10,10,10,10,10
Huawei,Huawei P Smart 2019,9,7,9,8,8,9,10,8,8,9
Apple,X,9,8,10,10,9,8,10,9,10,9
Samsung,Note 9,9,6,9,7,8,7,10,9,8,7
Samsung,galaxy s6,4,5,7,6,2,6,4,2,5,3
Xiaomi,redmi note 5 4/64,9,7,8,7,9,8,9,8,9,10
Xiaomi,Mi 9t pro,10,10,10,9,10,10,9,10,10,10
Samsung,S10,8,8,7,7,6,7,9,9,9,8
Huawei,Y6 prime,9,5,8,9,7,7,10,6,9,10
Redmi,redmi 8,9,3,10,6,10,8,8,7,8,9
Apple,iPhone 7,8,9,9,9,6,8,9,6,10,10
Apple,iPhone 7 32 GB,8,7,9,10,6,8,7,6,8,8
Samsung,Galaxy S7 ,7,8,7,8,4,8,3,6,7,9
Huawei,P20 Pro,10,9,8,7,10,10,10,6,10,10
Xiaomi,Redmi Note 7,9,8,8,9,8,8,7,7,9,10
Samsung,Galaxy A51,8,8,9,7,7,8,6,6,7,6
Xiaomi,9s,10,10,10,10,10,10,10,10,10,10
Motorola,Moto E6 Plus,8,5,8,7,8,6,8,7,7,9
Samsung,Galaxy A40,9,7,9,9,8,9,9,6,9,10
Apple,iphone 7,10,9,9,10,4,7,7,7,9,8
Huawei,p smart 2019,9,5,5,8,9,8,9,6,9,10
Samsung,Samsung galaxy a41,9,9,9,7,8,9,9,9,10,8
Apple,11 Pro Max,9,10,10,9,7,10,10,9,10,8
Oneplus,6,10,7,8,10,10,8,10,10,10,10
Huawei,MATE 20 PRO,9,10,9,8,10,8,9,9,9,9
Huawei,Huawei Mate 10 Lite,9,10,9,8,7,7,8,6,9,8
Apple,xs max,10,9,9,10,9,10,10,9,9,9
Motorola,Motorola g7 power,9,5,5,10,9,5,9,6,8,9
Apple,X,10,8,9,9,7,9,10,9,9,8
LG,K10 LTE,4,5,5,7,6,6,6,4,3,6
Xiaomi,mi9,10,9,8,8,7,9,10,8,10,10
Apple,Iphone XS ,10,8,9,9,7,10,10,7,10,7
Apple,iPhone 8+,8,9,10,7,4,10,7,6,7,6
Oneplus,6,10,7,7,10,8,7,10,7,10,10
Xiaomi,Redmi note 8 pro,9,8,8,10,10,6,10,5,9,10
Xiaomi,Redmi Note 8 Pro,9,9,8,9,9,7,9,8,9,8
Xiaomi,redmi note 8 pro XDDD,7,10,9,6,10,4,5,3,8,10
Xiaomi,Mi 9T Pro,10,8,10,8,10,6,10,8,10,10
Xiaomi,Mi A1,8,5,6,10,10,4,8,5,9,10
Xiaomi,Redmi 9T Pro,7,8,10,8,9,10,10,10,8,10
Apple,iPhone 8,8,9,6,8,4,8,8,8,7,6
Samsung,Galaxy s20+,10,10,10,10,9,9,10,9,10,8
Samsung,A80,8,9,9,7,4,7,10,6,8,7
Huawei,P30,9,10,7,8,8,8,10,7,8,9
Apple,11,10,9,8,8,10,10,9,9,10,8
Samsung,Samsung GalaxyS10,9,8,9,9,10,10,7,9,10,10
Xiaomi,Xiaomi mi 9,10,8,8,10,8,10,10,7,10,10
Apple,Xr,8,7,6,9,7,8,10,8,8,8
Samsung,galaxy S10,10,10,9,10,8,9,10,10,10,10
Apple,8,9,8,8,9,6,7,10,8,10,10
Redmi,Redmi note 8 pro,9,8,9,9,10,7,9,8,8,10
Xiaomi,Xiaomi Mi Mix 3,9,8,9,10,7,9,9,8,10,10
Huawei,Mate 10 lite ,6,9,8,4,9,7,3,8,6,9
Xiaomi,mi 9t pro,9,7,9,10,10,10,6,8,9,10
Samsung,Galaxy s10,9,9,9,4,7,7,8,10,7,7
LG,V30,10,8,8,5,6,9,10,10,9,9
Samsung,Samsung Galaxy J7 2017,5,6,8,8,6,8,6,5,6,7
Huawei,p9 lite mini,3,3,3,2,1,5,7,4,4,8
Redmi,Redmi 5 plus,7,6,7,7,8,6,6,7,7,8
Huawei,Mate 20 litw,6,9,9,7,7,6,9,3,8,8
LG,V30,9,7,8,7,7,10,10,10,10,9
Huawei,P30 Pro,9,10,10,8,8,10,10,10,9,8
Xiaomi,Mi 9t Pro,9,8,8,9,10,9,9,5,9,10
Nokia,nokia 6.2,9,10,7,10,10,10,10,10,10,8
Redmi,Redmi note 8t,9,10,9,8,7,9,10,6,9,10
Xiaomi,Redmi Note 8 Pro,10,10,9,8,10,10,10,9,10,10
Xiaomi,mi 10 lite,9,8,10,7,10,10,10,7,9,10
Xiaomi,Redmi note 5,7,8,8,9,5,8,10,9,7,10
Apple,iPhone 11,9,10,10,9,10,10,10,6,9,9
Apple,iphone XR,10,10,10,10,8,10,10,9,10,10
Nokia,3.2,6,4,8,6,10,6,4,8,8,10
Xiaomi,Mi 6,10,6,9,8,9,10,10,7,10,10
Motorola,Moto g6 play,8,7,8,8,9,8,7,6,9,10
Samsung,Galaxy A50,8,7,6,7,8,7,8,5,7,7
Huawei,Huawei p smart 2019,3,4,6,2,4,3,7,5,4,10
Samsung,galaxy a21s,10,9,10,10,10,10,10,8,9,10
Sony,Xz,6,4,8,6,1,8,8,5,3,6
Huawei,Huawei p smart 2019 ,9,7,9,10,5,8,10,10,10,10
Xiaomi,Redmi Note 4 Global,7,1,4,4,8,4,7,1,6,8
LG,G6,8,8,10,10,7,9,10,9,9,10
Apple,8,10,8,8,10,7,8,10,9,10,9
Apple,6S,9,6,7,9,8,7,8,7,8,7
Sony,XZ Premium,10,9,9,8,10,10,8,8,9,8
Apple,iphone 6+,7,8,7,10,5,7,8,5,7,5
Samsung,Galaxy S9+,8,9,10,6,5,7,8,9,6,5
Apple,iphone x ,8,5,9,7,4,6,7,6,8,5
Apple,iPhone 8,9,7,7,10,6,10,10,10,10,10
Xiaomi,Redmi note 8t,10,9,9,10,10,7,10,10,9,10
Xiaomi,Mi 9T PRO,9,9,8,10,10,10,10,10,10,10
Apple,iPhone 8,8,8,7,9,4,8,10,8,7,9
Motorola,Moto g7 power,9,3,7,7,10,2,6,10,10,10
Samsung,Galaxy A70,9,10,10,9,10,9,10,9,10,10
Xiaomi,mi 9 lite,7,8,8,4,9,10,10,7,9,10
Apple,X,9,7,6,9,5,7,8,6,10,9
Samsung,S9,4,7,5,1,3,6,10,8,4,4
Samsung,Galaxy A6+,7,4,8,8,8,7,9,3,4,4
Samsung,A3 2017,4,5,8,8,4,9,10,8,7,10
Redmi,8T,10,10,10,10,10,10,10,10,10,10
Apple,11,10,10,4,10,7,3,10,6,9,6
Samsung,s7 edge,7,8,9,4,4,8,10,10,10,9
Apple,8 plus,10,9,9,10,6,8,10,9,10,4
Honor,Honor 20 pro,9,10,9,9,10,9,10,10,9,10
Samsung,A8 2018,5,7,9,10,10,10,10,8,5,6
Apple,iphone 7,9,6,9,10,6,6,10,10,10,8
Apple,11,10,9,9,9,8,9,10,10,10,7
Huawei,P30 lite,7,9,8,8,7,7,8,7,8,8
Xiaomi,Mi 9t pro,10,9,5,4,6,6,10,8,8,8
Xiaomi,Redmi Note 8 pro ,9,6,8,6,10,5,10,5,10,9
Honor,8X,6,5,8,10,9,7,10,10,9,10
Xiaomi,Redmi note 7,7,6,6,7,8,7,6,4,5,7
Huawei,P30 Pro,8,8,7,8,9,7,9,6,8,5
Xiaomi,Redmi Note 7,8,9,10,10,10,10,10,7,10,10
LG,G7 ThinQ,10,8,10,10,7,9,8,10,10,10
Huawei,huawei p20 ,5,7,6,9,5,5,8,3,7,7
Apple,iphone 7,9,7,9,10,4,10,9,9,9,9
Apple,iphone 7,9,9,9,8,4,9,10,7,10,6
Xiaomi,Mi Max 2,7,3,6,10,10,5,7,6,10,10
Samsung,A7,7,7,6,8,4,4,4,5,5,6
Xiaomi,Mi A2 Lite,9,7,8,10,8,9,9,9,9,9
Huawei,Mate 20 lite ,6,7,7,8,10,7,8,5,7,9
Xiaomi,redmi note 8 pro,8,7,6,9,9,8,9,5,9,10
Apple,8,8,7,8,10,6,6,10,10,10,9
Motorola,motorola g8 power lite,9,7,9,9,10,8,10,8,7,9
Apple,11,10,8,8,9,7,10,10,8,9,9
Samsung,s20+ 5g,10,9,10,10,10,10,10,9,9,5
Xiaomi,Redmi note 8 ,6,5,7,4,9,6,8,6,8,10
Apple,iPhone 8,9,8,7,6,4,8,8,5,2,6
Xiaomi,Redmi Note 7,8,6,7,7,9,7,8,7,8,10
LG,G6 H870DS,8,6,7,6,4,6,8,4,6,10
Huawei,P8,8,6,8,8,5,9,9,5,8,7
Huawei,P30 LITE,10,10,10,10,10,7,10,9,9,10
Apple,11,10,10,10,10,10,10,10,9,9,10
Samsung,A40,9,6,8,9,6,8,8,5,10,9
Apple,iphone 7,9,9,9,10,10,10,10,10,10,10
Apple,iPhone 7,10,8,10,10,7,9,7,7,10,10
Apple,iphone 7,9,9,9,10,10,10,10,10,10,10
Xiaomi,Mi mix 2,8,3,7,6,9,8,8,3,8,8
Samsung,Samsung Galaxy J5 2016,6,1,7,3,0,5,3,0,3,7
Apple,Iphone 8,10,10,8,10,4,9,10,3,10,7
LG,G6,9,8,10,9,8,10,10,9,10,10
Huawei,mate 20 lite,7,7,9,9,5,8,10,9,8,7
Apple,Iphone XS,10,9,9,10,7,8,10,10,10,8
Redmi,redmi note 7,10,10,8,9,10,7,10,8,10,10
Huawei,Mate 20 lite,8,7,8,7,7,9,10,7,9,9
Motorola,Motorola G5S,9,0,8,7,9,8,9,5,8,6
Apple,iPhone 11 pro 64gb,9,10,10,10,10,8,10,7,10,8
Meizu,Meizu 16th,10,4,9,8,4,10,6,8,8,10
Samsung,Galaxy A6,8,7,8,8,4,8,9,4,9,5
Realme,Realme 6,10,7,7,8,9,7,7,5,8,7
Redmi,Redmi Note 7,9,10,9,8,10,9,9,10,10,10
Xiaomi,Mi 9,10,7,9,9,7,10,10,6,10,9
Apple,X,8,8,9,9,8,8,8,5,10,10
Apple,iPhone 6s,8,4,6,9,6,4,9,2,8,7
Huawei,P8 Lite,5,7,7,3,5,7,3,8,8,7
Honor,8X,7,7,5,4,5,6,4,6,8,8
Samsung,Galaxy S9 plus,9,8,10,8,7,9,7,9,9,10
Xiaomi,Mi 9T pro,9,8,9,8,9,7,9,8,10,8
Samsung,Samsung galaxy s20+ 5g,10,10,10,9,10,10,10,8,10,7
Samsung,Samsung Galaxy A20 ,9,7,6,7,8,6,7,6,9,9
Apple,11,10,10,10,10,10,10,10,10,10,10
Apple,Iphone 6,10,9,10,8,10,6,6,8,9,9
Xiaomi,Redmi Note 5 ,9,7,8,7,7,5,9,8,9,9
Xiaomi,Redmi Note 7,8,8,8,6,6,6,9,9,8,10
Xiaomi,Mi9 SE,8,9,8,8,7,7,9,7,7,6
Samsung,Galaxy A70,9,7,8,6,5,6,9,6,8,7
Samsung,Galaxy S10+,10,9,10,10,6,10,10,10,10,8
Xiaomi,Redmi Note 5,10,9,9,7,10,8,10,8,10,6
Xiaomi,Redmi Note 5,8,6,8,7,8,7,10,8,9,10
Apple,Iphone 7 128gb,10,8,8,10,4,7,10,9,10,10
Xiaomi,mi 9t pro,9,7,8,8,10,6,10,8,8,10
Samsung,Samsung A51,10,8,9,3,8,6,9,5,10,10
Huawei,mate 10 lite,3,6,5,4,4,4,8,7,5,5
Samsung,Galaxy XCover 4s,8,6,10,9,10,9,10,10,9,10
Samsung,Samsung Galaxy s8,10,9,9,8,7,9,10,10,10,8
Samsung,Samsung Galaxy S7 edge,9,9,9,9,9,8,10,10,10,9
Xiaomi,Mi A1 ,7,6,8,9,10,7,8,7,7,9
Xiaomi,Mi 9 SE,10,9,8,7,4,8,6,3,8,9
Xiaomi,Redmi note 7,8,3,9,9,3,9,9,7,9,10
Apple,6s,10,5,7,10,5,8,10,7,10,10
Samsung,galaxy s6,7,6,7,8,4,6,5,7,6,8
Apple,iPhone X ,7,8,9,3,4,8,3,3,4,1
Xiaomi,note 8T,8,10,9,8,10,8,9,10,10,10
Xiaomi,Redmi Note 8 pro ,9,8,10,10,10,8,10,7,9,8
LG,g6,3,9,10,10,8,10,10,4,9,7
Apple,IPHONE 11 Pro Max,10,8,10,10,9,5,10,10,10,10
Xiaomi,Redmi 7,7,4,5,9,9,5,8,3,7,10
Huawei,p10,7,6,6,10,8,7,10,9,9,10
Xiaomi,Redmi note 7,9,10,10,9,10,10,10,10,8,10
Huawei,P Smart 2018,7,8,9,6,1,9,9,4,7,9
Huawei,Huawei p30 lite,10,8,9,10,10,10,9,5,10,10
Samsung,Galaxy J5 2017,6,5,8,5,8,7,9,7,6,5
Xiaomi,Mi 9,9,7,9,8,6,9,10,8,9,10
Xiaomi,redmi s2,9,6,9,9,9,10,10,7,8,9
Samsung,s7 edge,9,3,7,8,2,9,6,6,9,7
Apple,7,9,6,8,9,2,6,8,5,7,6
Redmi,Redmi 8,9,7,8,9,10,10,10,5,10,10
Huawei,Mate 10 Lite,8,8,10,8,9,10,10,10,10,7
Samsung,Galaxy J7 2017,6,8,8,9,7,7,8,6,8,10
Oneplus,6,10,8,7,10,10,10,10,10,10,10
Samsung,Samsung Galaxy S8,8,8,9,6,7,8,8,5,8,8
Samsung,Galaxy s9+,10,8,9,8,7,9,10,10,9,9
Huawei,Mate 10 Lite,8,5,8,9,9,5,8,7,10,8
Xiaomi,Mi 8+ (chyba xD),9,9,9,8,10,8,10,9,8,10
Xiaomi,Xiaomi Mi9T,9,8,10,8,6,7,8,9,9,10
Huawei,P9 lite 2017,8,5,6,8,7,7,7,5,8,9
Apple,IPhone 8 plus,9,8,8,10,7,9,10,10,9,9
Apple,IPhone 6 ,9,7,8,8,5,8,10,3,10,8
Sony,Xa1 ultra ,4,2,7,4,2,5,10,4,6,5
Xiaomi,Mi 8 ,9,7,8,8,7,8,10,5,9,10
Apple,XS,10,10,9,10,10,10,10,10,10,7
Samsung,A5 2017,9,7,8,8,6,5,8,6,8,9
Google,Pixel 3A,8,9,7,10,7,7,8,6,10,10
Samsung,Galaxy A40,9,10,10,10,10,10,10,9,10,10
Apple,6s,10,8,10,10,7,9,10,9,10,10
Honor,9 lite,3,3,1,4,3,7,7,6,2,6
HTC,HTC u11,8,6,6,7,7,9,9,7,9,8
Samsung,A7 2018,8,9,8,10,8,9,10,7,9,10
Huawei,Y7 Prime 2018 ,7,8,8,10,6,7,4,6,8,10
Samsung,Galaxy a7,8,4,10,7,5,3,9,5,7,6
Samsung,Galaxy S9,9,8,9,10,8,9,9,9,9,10
Huawei,redmi note 8t,9,9,10,10,9,10,9,10,10,10
LG,G6,7,8,9,10,6,9,9,9,8,10
Motorola,Moto G5 3GB,4,6,8,5,6,4,9,5,3,7
Samsung,S9,10,9,10,9,6,5,10,10,10,8
Apple,SE,10,8,9,10,7,10,9,8,10,10
Motorola,Motorola Moto G7 Plus,9,7,9,9,8,9,9,5,8,10
Xiaomi,Xiaomi Redmi Note 5,7,7,8,10,9,8,9,7,9,10
Huawei,P10 lite ,2,7,9,9,3,4,7,8,10,9
Huawei,mate 10 lite,1,5,3,8,8,10,3,3,1,8
Apple,X,9,7,10,10,6,9,9,7,7,7
Xiaomi,Redmi 5 plus,4,6,5,4,1,7,7,3,3,4
Xiaomi,mi a1,6,7,8,7,7,8,7,4,7,8
Huawei,p9 lite,10,5,9,10,9,7,10,6,10,8
Honor,honor 10,5,7,8,6,4,4,8,4,6,6
Apple,7,8,9,6,10,3,8,9,4,10,10
Apple,SE (2016),8,6,6,10,5,8,8,7,9,8
Samsung,Samsung Galaxy S10+,10,10,8,10,8,9,10,10,10,8
Samsung,Galaxy Xcover 3,6,4,9,6,6,9,1,9,7,9
Samsung,Galaxy A50,8,7,9,9,7,6,9,7,9,5
LG,G7 thinQ,8,7,9,8,5,10,9,9,9,10
Xiaomi,Mi 9se ,9,8,8,6,8,6,10,6,9,10
Motorola,Moto G5S+,6,4,6,8,6,8,9,7,9,9
Samsung,S9,9,8,8,8,7,8,10,9,9,10
Samsung,Samsung Galaxy S6,8,6,10,10,6,10,10,7,9,10
Huawei,P9 lite,8,5,8,7,6,6,9,4,8,8
Xiaomi,Pocophone F1,10,7,9,10,10,10,10,10,10,10
Xiaomi,T9 pro,9,8,9,10,9,9,9,6,9,9
Apple,Iphone X,9,8,10,10,5,9,10,9,9,7
Samsung,Galaxy S10e,8,9,9,8,4,10,10,10,8,7
Xiaomi,Redmi note 9,7,9,8,7,6,7,9,8,7,7
Samsung,galaxy a70,10,8,8,9,10,10,10,6,10,10
Samsung,galaxy s9 plus,10,10,10,10,9,10,10,8,10,10
Lenovo,Z5 PRO GT,10,9,10,9,9,10,10,8,10,10
Xiaomi,Xiaomi Redmi 5+ (niby redmi ale sprzed rozdzielenia),5,4,6,7,8,5,8,7,5,9
Apple,iphone 7,9,9,10,9,9,9,10,9,10,8
Honor,Huawei Honor 5x,1,2,2,2,1,6,4,2,4,4
Redmi,Redmi Note 7,9,9,10,10,10,9,10,8,10,10
Apple,IP 8,10,9,9,10,7,7,10,6,10,6
Samsung,galaxy j7,9,5,10,10,8,8,8,0,8,10
Huawei,Huawei P20 Pro ,10,9,8,8,10,8,10,8,10,10
Apple,iPhone XS MAX ,10,9,10,8,8,8,10,10,9,6
Samsung,S10,10,10,8,10,8,10,10,10,10,7
Redmi,Redmi note 7 ,8,7,7,8,8,6,7,5,7,10
Xiaomi,Xiaomi redmi 4x 3/32,7,5,7,7,8,9,8,8,9,10
Apple,SE,9,8,5,9,10,5,10,7,9,8
Samsung,Galaxy A70,9,7,9,10,10,8,9,6,8,7
Apple,6s,6,4,3,9,4,10,8,5,7,7
Huawei,p10 lite ,9,3,8,9,9,7,10,5,9,10
Xiaomi,mi 8,8,6,7,6,7,4,9,3,8,9
Xiaomi,redmi 4X,4,6,7,9,4,10,10,8,8,8
Xiaomi,Xiaomi Mi 9T,9,7,9,8,9,7,8,7,10,10
Samsung,S10+,10,10,10,9,10,10,8,10,9,9
Huawei,Y6 2018,2,7,4,8,6,7,5,5,2,4
Samsung,Galaxy S10 plus,9,10,10,9,7,9,10,10,10,8
Apple,Iphon 7,8,7,8,10,0,4,2,3,10,3
Samsung,galaxy note 9,9,5,10,9,8,7,9,6,7,10
Xiaomi,Redmi Note 7,9,8,9,8,10,8,10,9,8,10
Apple,7,8,6,8,10,5,6,8,4,9,8
Huawei,Mi 9 ,8,9,8,9,10,9,10,9,10,10
Samsung,samsung s8+,8,7,7,10,7,10,7,6,5,9
Xiaomi,Redmi Note 5,10,6,6,9,8,7,10,7,10,10
Xiaomi,Redmi Note 7,10,6,5,10,10,7,10,10,10,10
Apple,7 plus,9,7,7,10,7,8,10,3,9,6
Huawei,p30 pro,9,10,10,8,10,9,10,6,9,10
Huawei,Huawei P Smart 2019,8,7,8,6,9,7,8,6,7,8
Huawei,Huawei P20 Lite,3,5,8,2,1,7,6,5,4,2
Apple,IP Se 2,10,10,8,8,4,10,10,10,10,9
Samsung,Galaxy A6+,7,4,9,7,7,6,8,9,9,8
Samsung,Galaxy J3 2016,4,5,8,8,6,9,10,3,4,7
Apple,iPhone 7,10,6,8,9,8,8,10,5,10,9
Huawei,P Smart z,7,7,8,8,8,7,9,8,8,9
Samsung,Galaxy A40,9,7,9,9,8,8,10,7,9,8
Xiaomi,Redmi Note 8T,7,7,10,10,10,9,6,6,9,10
Samsung,Galaxy A50,7,5,8,9,9,8,9,9,9,9
Samsung,Samsung s10,8,7,9,6,7,7,8,9,10,8
Xiaomi,Mi 9,10,9,8,9,8,8,10,9,10,10
Samsung,Galaxy s9,10,9,8,10,8,10,10,10,10,10
Apple,iPhone 6s,9,7,8,9,7,6,10,3,10,10
Apple,iPhone 11 Pro Max,10,10,9,7,10,10,8,7,10,7
Apple,iPhone 11,10,10,10,10,9,10,10,10,10,9
Oppo,A31,9,7,10,9,9,9,10,5,9,10
Xiaomi,redmi note 8 pro,9,9,7,9,8,8,10,9,9,10
Samsung,S8,10,7,10,10,9,8,10,10,10,10
Samsung,Samsung galaxy a6 plus,8,6,5,6,7,7,8,4,8,8
Samsung,Note10+,8,9,10,8,6,8,9,7,8,4
Huawei,mate 20 lite,7,7,9,8,9,6,10,5,5,7
LG,G6,6,8,8,2,1,7,10,5,5,8
Apple,XR,10,7,10,10,10,10,10,6,10,10
Apple,8,9,10,9,8,5,8,9,9,9,8
Redmi,redmi note 7,8,7,7,9,10,6,10,2,9,10
Oneplus,6t,8,4,7,8,9,7,9,4,8,10
Xiaomi,Mi 9 t,10,7,10,8,6,8,10,8,10,10
Xiaomi,redmi note 8t,6,7,7,8,9,8,9,8,9,10
Apple,Iphone 7,10,7,10,10,2,10,10,10,10,9
Redmi,jestem twoim współlokatorem powinieneś wiedzieć dzbanie,10,10,10,10,10,10,10,10,10,10
Apple,iphone xs max ,9,7,9,10,10,10,10,8,10,8
Redmi,Redmi Note 8 Pro,10,10,10,10,10,10,10,10,10,10
LG,K11,9,9,9,10,5,8,10,2,9,10
Redmi,Redmi note 8t,7,8,5,5,7,8,9,9,10,9
Huawei,p30 lite,10,8,9,9,8,10,10,9,8,8
LG,V30,10,10,10,8,6,10,8,10,9,10
Apple,iPhone 8,10,9,7,7,7,9,10,10,10,9
Samsung,galaxy a50,8,7,9,10,9,7,9,7,10,10
LG,V30,8,6,8,4,5,9,9,7,7,8
Apple,iPhone 7,7,6,8,9,5,6,9,7,7,6
Apple,iPhone 7,10,8,8,8,6,9,8,5,10,9
Apple,6,8,8,9,10,10,10,10,8,9,7
Samsung,samsung Galaxy a6+ 2018,5,8,8,7,8,9,10,7,7,7
Samsung,A6,8,5,8,8,6,8,9,6,6,9
Samsung,S8,7,6,6,8,4,8,10,9,8,7
Apple,7,8,10,10,10,7,6,10,5,10,9
Apple,iPhone 6s,8,8,10,7,8,7,10,5,10,8
Samsung,S10 PLUS,7,8,9,9,8,8,8,9,8,7
Samsung,Galaxy a70,7,10,10,7,7,9,8,4,8,8
Huawei,Huawei p8 lite,8,7,7,7,8,7,10,5,7,10
Sony,L1,7,7,8,6,8,7,10,7,7,8
Asus,Zenfone Max Pro M1,10,8,8,5,10,9,9,7,10,10
Huawei,Y 5 II,0,3,3,3,1,4,9,4,0,0
Huawei,p20,9,8,10,10,9,8,10,5,10,10
Apple,iPhone 8 plus,9,8,7,10,7,9,10,10,8,10
Xiaomi,Redmi note 7,8,7,7,9,9,8,8,7,9,10
Motorola,One Vision,9,7,8,7,7,6,9,9,9,10
Samsung,S8,6,9,10,10,8,7,10,10,10,10
Apple,iPhone 8,10,8,9,10,7,8,9,6,10,8
Apple,7,10,10,10,10,7,10,10,4,10,8
Apple,11,10,10,9,10,9,10,9,9,9,10
Apple,iphone 11,10,10,7,10,7,10,10,9,10,8
Apple,Iphone 7,8,7,9,7,3,8,9,8,9,7
Samsung,S6,8,9,10,10,3,10,10,10,10,10
Apple,Ip 8,10,10,9,10,6,8,10,5,10,7
Huawei,P6,8,5,8,7,6,6,9,6,9,9
Xiaomi,Redmi 4 A,9,5,10,9,6,10,10,4,10,10
Samsung,Galaxy J5 2017,7,6,8,8,7,9,7,7,7,8
Apple,7,10,10,10,8,7,9,10,7,9,8
Samsung,S10e,10,9,10,9,3,10,10,8,9,7
Apple,IPHONE X,9,8,9,10,8,7,10,8,10,9
Xiaomi,Redmi Note 7,9,7,8,8,9,9,9,7,10,10
Oneplus,OnePlus 7,10,7,8,10,10,8,10,8,10,10
Samsung,Samsung Galaxy S10+,9,7,9,6,4,10,10,10,10,5
Apple,iPhone XS,9,8,8,10,7,9,10,9,9,8
Huawei,huawei p9 lite 2017,4,4,7,7,3,9,3,4,8,8
Nokia,5.1,6,2,8,9,6,7,9,5,5,6
Apple,Iphone 6s,8,9,8,10,9,9,10,7,9,8
Apple,XS,9,10,7,0,10,8,9,7,8,10
Samsung,Samsung A50,8,7,9,9,8,5,9,3,10,10
Huawei,P20 lite ,6,4,7,9,10,9,10,8,8,9
Honor,Play,10,8,9,7,7,6,10,10,7,10
Apple,iPhone 6s,9,8,10,10,10,10,10,8,10,10
Samsung,A50,8,7,9,7,9,6,9,5,7,8
Apple,7,10,10,9,10,2,8,10,10,10,8
Apple,iphone x,9,6,9,10,8,8,10,5,10,6
Apple,Iphone 8,10,8,8,9,2,9,10,5,10,9
Huawei,P9 mini,6,8,3,5,4,6,3,0,2,5
Samsung,A51,10,7,8,9,10,7,10,8,8,6
Xiaomi,Mi 9,10,10,9,9,8,9,10,9,10,10
Apple,iPhone xr,10,8,9,10,7,6,9,10,10,7
Redmi,Redmi Note 8 Pro,9,9,8,9,8,9,10,10,9,10
Apple,Iphone 11,10,9,8,9,8,9,10,10,10,7
Realme ,Realme 5 ,9,6,9,8,10,6,5,5,8,6
Samsung,J6,7,7,8,8,6,8,7,7,8,8
Xiaomi,Redmi 4a,5,6,6,4,7,4,7,5,6,7
Xiaomi,Xiaomi Mi8 Lite,3,6,8,6,1,10,9,2,8,6
Huawei,Huawei P9 Lite,2,2,2,3,6,5,7,2,2,9
Samsung,A10,9,7,9,8,8,6,10,5,8,8
Samsung,s8+,9,4,7,10,2,7,10,10,9,3
Samsung,Samsung Galaxy s8,7,9,5,6,3,5,8,7,8,8
Huawei,P Smart 2019,10,10,10,10,10,10,10,8,9,6
Apple,5S,7,7,8,5,4,6,10,7,7,8
Samsung,Galaxy s 10e,4,9,9,6,3,7,0,9,4,4
Xiaomi,Redmi note 7 ,9,5,8,9,10,7,10,4,10,10
Xiaomi,Mi 9t,8,9,10,7,10,7,10,10,10,10
Xiaomi,MI 9,10,8,10,10,8,7,10,6,10,10
Huawei,P30 Lite,6,8,7,9,8,6,10,7,7,2
Samsung,A40,9,8,8,7,7,8,8,8,10,9
Samsung,S9+,9,8,8,7,8,8,7,8,7,8
Apple,iphone 8,9,8,9,9,9,9,10,10,10,10
Samsung,Galaxy S9+,9,7,8,10,3,10,5,10,9,8
Oneplus,6,9,8,8,9,5,7,7,10,9,9
Samsung,Galaxy s7,6,9,9,7,3,6,7,6,8,4
Huawei,P20,8,9,8,9,8,7,10,4,9,9
Huawei,P30,8,7,10,10,10,8,10,10,10,10
Xiaomi,Xiaomi mi note 2,8,2,10,9,7,8,9,7,7,6
Apple,Iphone 7,6,8,7,10,3,8,9,4,5,7
Samsung,S9+,9,9,9,9,2,8,8,10,7,9
Samsung,Galaxy A70,7,7,7,8,9,7,8,8,8,8
Huawei,P10,8,7,10,9,9,9,10,9,10,10
Huawei,Nova 5T,7,6,7,6,8,8,9,6,7,7
Apple,iPhone X,9,10,9,10,10,10,10,6,10,7
Redmi,Note 5,9,4,7,9,10,8,5,5,9,10
Xiaomi,Mi 9 Lite,10,9,8,9,10,6,10,9,10,10
Samsung,Galaxy J6,9,7,8,10,10,9,10,8,10,10
Samsung,s10,9,9,10,10,8,9,10,9,10,8
Huawei,P30 pro,10,10,9,8,10,8,10,6,10,10
Apple,6s,10,8,10,10,4,9,10,6,10,9
Huawei,p9 lite 2017,6,4,8,7,9,6,10,1,9,9
Apple,iPhone 6s,7,3,4,8,3,5,9,6,7,6
Apple,Xr ,9,10,10,8,10,10,10,0,8,8
Motorola,One Vision,8,8,6,6,7,8,9,10,7,6
Samsung,Szczerze to nie wien,7,5,6,8,5,4,5,2,8,7
Huawei,Mate 10 lite,8,7,9,8,8,7,9,4,8,6
Apple,X,10,10,8,10,10,10,10,2,10,8
Apple,iphone 11,10,10,8,10,10,10,10,9,10,10
Huawei,Huawei P40 PRO,8,10,10,10,10,7,10,8,9,8
Apple,iPhone SE 2016,9,7,7,10,3,6,10,6,10,10
LG,G7 ThinQ,8,6,8,5,9,10,10,10,9,10
Lenovo,K5 note,4,6,8,4,7,6,10,4,6,6
Oneplus,6+,9,4,8,7,10,9,10,5,8,8
Honor,8X,10,8,8,8,7,6,10,4,10,10
Apple,iphone 8,10,8,8,10,5,6,10,10,10,9
Apple,8 Plus,10,8,8,9,8,8,8,8,10,10
Xiaomi,MI 9,9,10,10,9,10,6,10,7,10,10
Samsung,galaxy s10e,9,8,9,9,7,8,9,10,9,9
Apple,Iphone 6plus,9,7,9,9,8,9,9,3,10,9
Huawei,p20 lite,9,6,10,10,8,6,10,6,9,9
Apple,iPhone SE 2020,10,10,10,10,9,10,10,10,10,10
Samsung,S7,7,8,10,8,9,7,9,8,8,10
Xiaomi,Mi 9,9,6,7,5,7,6,8,7,5,8
Honor,Honor 10,7,7,8,9,3,8,8,5,7,9
Samsung,S9+,7,9,9,10,4,10,10,10,8,8
Huawei,P30 Lite,6,6,9,7,10,9,8,8,7,7
Xiaomi,redmi note 5a prime,5,3,9,9,7,5,2,5,5,7
Oneplus,OnePlus 6,10,10,10,10,10,8,10,10,10,10
Apple,iPhone 7,9,9,10,9,5,7,10,3,9,6
Apple,7,9,6,7,9,7,9,9,7,10,8
Apple,IP X,9,8,9,10,7,10,10,6,10,7
Samsung,Galaxy A50,9,8,9,8,10,7,9,9,10,8
Samsung,s9+,6,7,5,6,4,8,10,9,6,4
Huawei,Psmart,8,7,8,7,6,6,9,6,9,9
LG,G6,7,8,8,7,5,10,9,9,8,8
Apple,11 pro,9,10,9,10,10,9,10,8,10,7
Motorola,Moto g7 plus,10,8,9,9,10,10,10,10,10,10
Samsung,S9+,9,8,9,6,3,9,8,9,8,8
LG,Q6,8,3,8,5,4,7,2,7,7,9
Apple,IphoneX,8,10,10,10,8,8,8,7,9,10
nie mam ale uznajmy ze huawei bo mialem,p smart2019,2,2,10,10,0,10,1,0,0,0
Apple,7 plus,7,7,6,10,3,10,10,0,8,5
Oneplus,3T 6/64,8,4,8,10,7,8,10,7,10,10
LG,G6,7,8,9,8,6,8,10,8,7,9
Asus,Asus ZenFone Max Pro M1,10,3,9,7,10,9,9,5,8,10
Motorola,One Action,9,6,8,8,8,9,10,7,9,10
Xiaomi,redmi note 8 pro,7,9,10,6,10,10,10,9,8,10
Huawei,P smart,3,7,8,8,7,9,9,5,6,10
Xiaomi,Potężne xiaomi mi 9,10,6,8,8,7,10,10,9,10,10
Lenovo,Lenovo Vibe C2,7,4,7,2,6,5,10,3,8,6
Xiaomi,Mi Mix 2S,8,7,8,6,7,6,9,7,8,9
Motorola,G6,8,7,7,9,7,7,9,7,10,10
Huawei,Huawei P Smart 2019 ,8,4,7,3,5,7,6,6,7,9
Samsung,Galaxy s10,9,8,10,10,9,10,8,10,10,7
Huawei,P30 lite,9,9,9,9,10,5,9,7,8,10
Samsung,Galaxy S9+,9,8,10,9,6,8,10,9,10,8
Apple,7,9,7,8,8,6,9,10,9,10,7
Apple,iPhone 7,9,7,8,8,2,8,9,7,10,3
Honor,P9 LITE,8,7,10,10,9,10,10,6,9,10
Apple,IPhone SE (ten starszy) ,9,7,9,7,1,9,8,8,9,9
Samsung,Galaxy J7,9,8,10,10,8,7,10,5,10,10
Samsung,A5 2017,8,8,9,9,9,8,8,8,8,9
Xiaomi,Pocophone F1,9,6,6,8,7,8,8,5,7,9
LG,LG G7 ThinQ,9,9,10,9,8,9,9,10,10,9
Oneplus,7,10,9,8,9,9,9,10,9,10,9
Apple,iPhone 8,9,8,10,10,7,10,10,10,10,7
Samsung,Galaxy 9+,9,7,6,8,7,5,8,8,9,7
Apple,Iphone 7,8,7,8,7,4,3,9,5,8,7
Apple,6s,10,8,10,10,2,10,10,10,10,5
Samsung,Galaxy S9+,9,8,10,7,8,10,10,10,9,10
Apple,6s,9,7,7,8,5,7,5,8,9,10
Samsung,Galaxy S10e,7,8,7,8,7,8,8,8,8,9
Alcatel,1S,8,7,8,7,7,7,8,6,7,9
Xiaomi,Redmi note 8 pro,10,6,8,9,10,5,10,7,10,10
Meizu,Meizu m8,8,5,8,8,9,9,10,7,8,10
Xiaomi,Redmi a1,10,7,6,10,8,8,6,5,9,10
Redmi,Note 9 pro,8,9,9,7,10,6,7,6,8,9
Oneplus,7t pro,10,8,10,10,8,7,10,7,10,8
Xiaomi,Redmk note 8 pro,9,9,10,8,10,7,10,10,10,10
Huawei,Honor,8,7,10,9,10,9,10,8,9,9
Samsung,S8,10,6,10,10,4,3,10,5,9,10
LG,LG V40,10,8,8,9,8,9,10,10,10,9
Huawei,Y6 2018,8,3,8,8,8,5,9,4,8,10
Samsung,Galaxy S8,8,7,8,5,4,10,10,10,10,8
Redmi,Redmi note 8 pro,8,10,10,10,7,7,10,10,9,8
Motorola,Motorola Moto G5s,4,6,9,6,7,6,10,5,5,7
Apple,IPhone 7,8,5,7,8,6,9,10,7,9,7
Apple,8+,9,10,10,9,8,9,10,8,10,10
Apple,Iphone 7,9,6,8,9,2,8,9,8,10,9
Huawei,P30,10,8,10,10,10,7,10,6,7,7
Huawei,P20,9,9,9,9,9,9,9,5,10,10
Xiaomi,Redmi 4X,10,10,10,10,10,10,10,10,10,10
Apple,iPhone 7,7,10,10,7,3,9,4,8,8,6
Nokia,Nokia 7 Plus,9,8,8,9,10,6,7,8,8,10
Samsung,s10,10,8,10,8,7,8,7,10,10,7
Sony,Sony Xperia XZ1 Compact,10,7,8,5,10,9,8,10,9,9
Samsung,Samsung Galaxy s20+ ,8,10,8,10,7,10,10,9,8,7
Apple,XR,10,10,10,10,7,10,10,8,10,8
Samsung,galaxy a40,9,8,10,9,7,8,10,8,10,10
Samsung,galaxy a5 2017,5,3,4,3,7,5,6,5,6,6
Huawei,p20 lite,3,7,4,3,3,3,8,2,5,8
Huawei,p20 lite,8,3,9,10,7,8,9,9,9,10
Xiaomi,Redmi note 8 pro,8,10,9,8,7,8,8,7,8,10
Samsung,samsung j3 2016,8,3,5,4,4,4,3,0,9,7
Xiaomi,Xiaomi redmi note 4,8,3,4,8,9,6,2,5,8,8
Samsung,Samsung Galaxy S9,4,8,9,6,2,7,10,8,5,7
Samsung,Galaxy S10,9,10,8,8,9,10,10,9,9,8
Huawei,huawei p10 lite,7,6,4,5,6,3,7,5,8,8
Huawei,P9 lite,2,2,1,4,2,4,3,4,3,6
Xiaomi,redmi note 8 pro ,10,8,10,9,10,9,10,7,10,10
Samsung,Samsung s10,10,10,9,10,8,8,10,10,10,7
Apple,iphone 7,8,10,10,9,8,8,10,7,10,10
Xiaomi,Redmi 5,8,8,8,10,8,10,9,0,10,9
LG,G6,6,6,7,3,8,7,10,9,6,9
Apple,iPhone 11,10,10,10,9,7,9,9,9,10,10
Samsung,galaxy a30s,9,8,10,10,10,8,10,7,9,10
Samsung,Galaxy A50,8,7,7,3,7,8,9,6,7,8
Apple,iPhone 8+ 256GB,10,8,9,10,8,10,10,9,9,8
Samsung,Galaxy A40,8,6,9,9,4,10,10,7,10,10
Xiaomi,mi 8,9,5,6,8,7,9,7,7,10,10
Huawei,P20 Pro,9,8,8,7,9,9,10,7,9,8
Samsung,"A50 chyba, nie wiem, nie pamiętam, nie mam pamięci do cyferek",7,5,7,7,2,4,9,8,8,8
Nokia,Nokia 6,9,7,9,9,7,8,9,8,10,8
Huawei,P20 lite,10,10,7,10,10,10,8,10,10,10
Xiaomi,Redmi Note 7 ,9,8,6,8,9,6,7,7,9,9
Xiaomi,Redmi Note 8T ,10,10,10,8,10,8,10,9,10,10
Apple,Iphone 6S,10,9,10,9,8,10,10,7,10,9
Apple,iPhone 7,10,5,8,8,0,8,10,6,8,8
Apple,7 Plus,9,8,7,8,4,5,10,4,9,2
Samsung,Samsung s10,9,10,9,10,8,9,10,10,10,7
Oneplus,5,9,7,5,7,7,5,9,4,9,10
Asus,Zenfone 3 ze520kl,6,6,4,3,6,6,7,5,5,7
LG,K11,10,8,10,10,10,9,10,7,9,10
Xiaomi,Mi 9se,9,9,10,8,8,7,10,5,9,10
Honor,8X,8,7,9,7,10,8,10,9,9,10
Apple,iphone 8+,10,8,10,10,10,5,9,8,10,10
Xiaomi,Redmi 7,9,6,8,10,10,9,8,10,10,10
Apple,iPhone 7,8,8,9,9,7,9,10,8,9,8
Samsung,Note 10+ 5G,10,9,9,10,9,8,10,7,9,8
Samsung,Galaxy S9,9,8,9,10,5,9,10,10,10,10
Huawei,Mate P30,9,7,10,8,9,5,6,6,3,4
Xiaomi,Redmi Note 8T,9,8,7,9,6,9,5,5,9,10
Apple,iPhone 8,10,8,10,9,8,9,10,10,10,7
Samsung,S8,9,8,9,8,6,6,8,7,10,8
Apple,iPhone 8,9,6,8,10,5,9,10,9,10,8
Huawei,P20 lite,8,7,7,9,7,10,8,3,9,7
Huawei,P20,9,9,8,9,8,6,9,5,9,9
Xiaomi,redmi 4A,7,8,6,9,7,9,4,5,9,10
Redmi,Note 8T,9,8,8,7,10,6,8,8,8,10
Xiaomi,pocophone f1,10,5,8,10,7,7,9,5,10,10
Samsung,Galaxy a70,8,7,9,8,10,9,10,6,9,7
LG,G6,8,6,7,5,8,9,8,7,9,10
Xiaomi,Mi Mix 2s,10,5,9,9,8,7,10,9,10,10
Apple,iphone 7 ,9,6,4,8,4,10,10,4,9,6
Samsung,S10+,10,6,9,10,8,10,10,10,8,8
Xiaomi,Redmi 4x,10,2,4,10,4,8,10,5,8,10
Oneplus,Oneplus 7 Pro,10,8,10,8,8,8,10,6,10,10
Samsung,samsung galaxy j5 2016 (mam go jakieś 3 lata więc jest stary),3,4,8,9,7,8,5,1,4,9
Xiaomi,Mi9,9,8,8,8,7,8,8,8,8,9
Samsung,Galaxy A50,8,8,9,10,7,5,9,6,8,10
Xiaomi,Redmi note 4,7,1,4,8,9,6,6,6,7,10
Huawei,Huawei mate 10 lite ,9,6,10,10,9,7,10,4,10,9
Huawei,p20 lite,7,4,9,9,4,7,9,5,9,7
Apple,iphone 7,7,7,9,10,3,8,8,4,9,8
Oneplus,6T,8,7,6,9,7,6,7,3,9,9
Samsung,Galaxy S8,9,7,7,7,5,8,9,8,10,10
Huawei,P20,8,6,9,7,8,8,10,4,10,10
Oneplus,7t,8,7,10,7,9,5,8,3,8,8
Oppo,OPPO A9 2020 4GB/128GB,7,8,5,6,7,10,9,7,9,10
Apple,Se 2020,9,7,10,9,7,7,10,10,10,9
LG,G6,6,8,10,5,6,7,10,8,9,10
Meizu,16Xs,10,10,10,7,10,10,10,5,10,10
Apple,8 plus,10,10,10,10,6,10,10,9,10,10
Samsung,Samsung Galaxy A5 2016,6,3,5,4,9,8,10,4,7,9
Xiaomi,Redmi 5,3,4,3,0,5,5,6,3,3,7
Xiaomi,Redmi 5,7,0,5,10,10,5,10,5,7,10
Apple,iPhone 11 Pro,10,10,9,10,10,10,10,9,10,8
Samsung,Galaxy S9+,8,8,8,6,8,9,10,9,8,9
Oneplus,6T,9,7,8,10,10,9,10,8,10,10
Samsung,S10e,9,7,8,8,6,8,10,7,10,9
Samsung,Galaxy A6 (2018),8,7,10,8,10,10,8,6,10,10
Huawei,P20 pro,9,8,9,9,8,6,10,7,9,9
Oneplus,One plus 5 (Wersja z 8gb RAMu),7,6,7,8,8,7,10,5,9,10
Apple,iPhone 7,8,8,9,9,9,10,10,5,9,9
Redmi,redmi note 7,8,7,8,10,10,10,10,5,10,9
Samsung,s9,8,7,9,10,4,7,10,10,9,8
Samsung,S9,8,7,8,7,7,8,9,8,8,7
Redmi,Redmi 8,8,6,10,10,10,10,10,10,6,10
Apple,XS,10,8,9,9,8,9,10,9,10,10
Xiaomi,Redmi note 8 pro ,10,9,10,10,9,8,10,3,9,10
Redmi,Redmi note 8 pro,10,8,9,10,10,7,10,8,10,10
Samsung,Galaxy S10e,4,9,8,8,4,6,7,9,8,7
Samsung,S10e,10,8,9,5,1,10,7,10,8,8
Huawei,P30,9,8,7,8,6,7,9,8,9,9
Samsung,A40,8,7,9,8,6,8,10,8,8,5
Motorola,Motorola One Vision,10,10,9,10,9,8,10,10,10,10
Samsung,Galaxy A6+,8,6,9,9,7,8,9,8,7,10
Apple,iPhone 11,10,9,8,10,10,10,10,10,10,10
Xiaomi,Mi 6,7,3,2,8,7,5,6,4,4,6
Samsung,galaxy s10+,10,10,8,7,6,7,10,9,9,8
Samsung,samsung galaxy note 9 ,7,5,8,6,3,8,9,8,7,5
Samsung,Galaxy S7,8,9,10,10,6,6,10,10,10,10
Xiaomi,Mix 2 6/64,7,4,5,6,6,7,9,5,7,7
Apple,iphone 8,8,7,8,8,8,8,7,8,8,9
Apple,6s,6,5,6,8,1,3,7,7,7,4
Xiaomi,Note 8T,8,8,7,7,5,8,10,6,10,8
Motorola,Moto g7 power ,9,5,7,9,10,9,9,8,9,10
Samsung,S20+,8,9,10,10,7,9,10,10,9,8
Oneplus,6T,6,5,8,8,7,6,8,1,5,8
Huawei,Nova 5T,9,8,8,9,10,7,9,6,9,8
Huawei,Huawei p20 ,8,8,7,5,4,6,10,3,8,9
Samsung,Galaxy A50,10,7,8,10,8,8,10,8,10,9
Xiaomi,MI 9T PRO ,10,8,9,10,9,7,9,7,10,10
Apple,11,10,8,7,10,8,9,10,8,10,7
Samsung,Galaxy S10,9,7,8,10,7,9,10,10,10,10
Apple,6s 64gb 4letni,8,6,6,7,2,7,4,8,8,7
Samsung,Galaxy S10e,10,10,10,10,7,9,9,10,9,9
Apple,iPhone 6s,10,5,9,8,0,8,10,3,10,4
Samsung,A8,2,3,10,5,3,6,10,7,5,1
Samsung,s10e,9,10,8,7,3,10,10,10,10,7
Huawei,Y6 2018,6,5,9,2,8,9,10,3,2,7
Xiaomi,rn8t,7,8,8,8,7,9,10,9,8,10
Xiaomi,Xiaomi Mi 9t Pro,9,6,8,9,10,9,7,7,10,10
Xiaomi,9T,10,10,10,10,10,10,10,10,10,10
Apple,7,8,6,7,10,4,8,10,6,9,5
Samsung,Galaxy S9+,9,8,8,7,6,8,10,9,9,9
Samsung,Galaxy S10,9,9,9,8,7,9,9,8,9,8
Xiaomi,Redmi Note 8T,7,8,6,5,10,7,10,4,10,10
Oneplus,7pro,9,9,9,10,10,9,10,6,8,9
Motorola,One Vision,10,10,9,10,8,7,10,5,10,9
Samsung,A30s,10,8,7,9,9,10,8,8,10,10
Huawei,Y6 2018,0,0,0,2,0,0,7,3,0,0
Apple,Iphone 11,10,10,10,10,8,10,10,10,10,9
Google,Pixel 2 XL,10,10,6,10,7,8,10,6,10,8
Oneplus,Oneplus6,8,8,8,8,8,8,10,7,9,10
Oneplus,7 Pro,9,8,10,8,8,8,8,6,9,9
Huawei,P smart 2019,8,5,8,9,7,8,8,4,8,10
Oneplus,6t,8,5,7,9,8,7,9,8,8,10
Huawei,Huawei p30 pro/ p40 pro,10,10,10,10,10,10,8,10,10,10
Huawei,P40 lite,9,10,8,9,9,10,10,8,9,10
Xiaomi,mi 8,10,7,6,9,8,7,9,4,8,7
LG,V60,10,8,7,6,9,10,10,10,10,8
Apple,iphone X,9,8,7,10,5,9,10,9,9,8
Apple,iPhone 7,9,8,6,8,5,6,9,6,7,5
Xiaomi,Redmi note 7,8,5,8,8,7,9,4,3,4,5
Xiaomi,Mi 9T,9,7,9,7,10,7,10,5,10,10
Apple,x ,9,8,9,10,3,9,10,8,10,7
Huawei,Huawei P30 pro,10,10,10,10,8,7,10,4,10,10
Xiaomi,Mi9t,8,8,8,8,8,7,8,7,10,9
Motorola,G7 Power,7,6,5,8,9,5,6,8,7,8
Sony,Xperia L1 (G3311),3,6,6,8,4,5,9,6,5,7
LG,Q7,6,2,4,7,4,6,4,7,4,4
Oneplus,One plus 6,10,7,8,10,6,6,10,6,10,10
Samsung,A70,10,9,10,10,9,8,10,7,10,9
Motorola,One action,8,9,8,10,8,8,10,6,9,8
Huawei,P30pro ,9,10,8,9,10,8,10,9,10,8
Xiaomi,Redmi Note 6 Pro,8,6,6,7,7,5,10,8,8,9
Apple,XS ,10,10,8,10,5,8,10,6,9,10
Huawei,Huawei P Smart 2018,9,4,5,5,7,5,10,10,9,10
Apple,XR,10,8,10,8,10,10,10,10,10,8
Xiaomi,mi 9 se,9,7,9,8,5,4,9,5,9,5
Apple,iPhone Xs Max,10,10,10,10,8,10,10,10,10,10
Xiaomi,Mi note 2,8,6,6,7,8,8,8,6,8,8
Asus,Zenfone 6,10,9,8,10,10,10,9,10,7,9
Huawei,P20 lite,8,5,9,9,10,4,10,5,9,10
Sony,Xperia Z5 Dual,5,5,6,6,4,10,10,10,7,6
Redmi,Redmi note 7,6,7,6,3,8,7,5,5,4,9
Oneplus,oneplus 6t,10,10,7,7,10,9,10,9,9,10
Huawei,Y7 2019,6,4,5,3,9,3,8,4,5,9
Razer,Razer phone 2,7,2,6,3,4,7,8,3,5,2
Xiaomi,Redmi Note 4 Snapdragon,8,4,4,7,10,4,9,10,9,10
Oneplus,5t,10,7,8,8,8,6,10,7,10,9
Apple,XR,9,8,9,10,8,8,10,7,10,9
Samsung,S7,6,6,8,9,7,9,7,8,8,8
Oneplus,7T,9,8,10,10,9,7,10,7,10,10
Oneplus,6,8,5,7,9,4,5,8,1,8,7
Samsung,S9+,10,10,10,8,6,9,10,10,10,8
Samsung,A5 2017,3,3,7,7,3,7,9,5,3,6
Xiaomi,redmi note 8 pro ,8,3,4,4,9,3,3,9,7,8
Huawei,P30,3,3,2,3,5,4,6,6,3,3
Xiaomi,redmi note 4x,8,4,6,2,8,7,9,5,9,10
Xiaomi,Redmi Note 7,8,6,10,10,7,10,10,10,10,9
Redmi,Redmi note 8t,9,8,8,6,6,8,10,8,10,10
Samsung,Samsung galaxy s10,10,9,9,10,8,9,10,10,10,9
Huawei,p20 lite,3,5,6,7,5,8,9,4,5,7
Apple,8,8,5,4,10,7,10,10,8,10,7
Apple,iphone 11,10,10,9,10,6,10,10,7,10,8
Samsung,Galaxy a50,8,6,9,5,6,10,8,3,7,7
Apple,iphone 8,9,7,6,9,4,7,9,4,9,7
Samsung,Galaxy note 8,7,8,9,8,6,7,9,9,9,8
Samsung,S10e,8,9,8,9,5,10,10,9,10,10
Xiaomi,mi 8,8,5,6,4,3,4,7,0,5,8
Oppo,Reno 2z,9,9,9,6,7,4,9,6,8,7
Redmi,Redmi note 7,8,7,9,9,9,9,9,7,9,10
Redmi,Note 8t,10,10,9,10,10,10,10,10,10,10
Apple,11 Pro,10,10,9,10,6,9,10,8,10,7
Xiaomi,Mi 9t,10,8,9,9,9,8,10,9,10,10
Samsung,s8,3,5,6,8,0,7,9,6,0,5
Asus,Asus ZenFone 5Z,7,7,7,9,7,10,10,6,9,10
Huawei,Huawei p30 pro,9,10,7,7,9,8,9,8,9,10
Apple,7,9,8,8,10,6,7,10,6,10,7
Apple,X,10,9,10,10,5,10,7,10,10,8
Xiaomi,mi 9t,8,8,10,7,6,7,10,9,9,10
Apple,iPhone 8,9,5,8,10,6,9,10,10,10,8
Xiaomi,mi 9T pro,9,9,9,7,10,9,10,5,10,10
Xiaomi,Mi 9,9,7,7,7,5,6,8,5,8,10
Xiaomi,Mi 9 ,10,10,9,10,2,6,8,6,10,10
Xiaomi,Redmi Note 5,7,6,10,10,8,10,10,8,8,10
Xiaomi,Redmi 6 pro,7,6,5,8,7,4,8,9,7,8
Xiaomi,Redmi note 8t,9,10,8,9,10,9,10,9,10,8
Apple,iPhone 8 Plus ,10,7,5,9,4,9,9,6,8,7
Huawei,P20 Lite,8,9,7,6,3,10,9,5,7,9
Oneplus,OnePlus 8 Pro,10,8,9,10,10,10,10,7,10,10
Huawei,Huawei P20pro ,10,10,6,8,6,6,10,8,10,10
Xiaomi,Redmi Note 8T,8,8,10,10,9,9,10,6,9,9
Samsung,Samsung a40,7,8,7,7,9,7,8,8,7,6
Xiaomi,Redmi 5 plus,7,5,5,1,3,4,9,2,5,10
Xiaomi,Rn7,5,5,6,2,9,6,2,10,5,10
Xiaomi,Xiaomi redmi 6a,5,4,3,8,6,7,4,4,4,8
Huawei,Mate 30 Pro,10,10,7,9,10,7,10,8,10,10
Samsung,Galaxy s9+,8,8,9,10,7,9,9,9,7,9
Xiaomi,Mi A1,7,3,6,0,8,8,8,0,7,2
Honor,Honor 20 Pro,9,8,8,9,10,8,10,8,10,8
Apple,iPhone 8,9,8,9,10,7,8,10,7,10,6
Xiaomi,Mi 8 Lite,7,5,7,8,7,7,9,5,6,10
Huawei,Huawei Mate 20 Pro,10,10,10,10,8,10,10,10,10,10
Oneplus,6T 6/128,10,6,8,9,8,7,10,4,9,9
Apple,Iphone se 2020,10,7,7,10,6,10,10,10,10,9
Xiaomi,Mi 9t,10,9,9,9,10,10,10,9,10,10
Huawei,p30,9,10,10,8,10,7,10,7,10,10
Xiaomi,mi note 10,8,9,8,7,9,6,9,5,8,9
Xiaomi,Redmi Note 7,6,8,7,6,7,6,4,4,4,8
Apple,SE,8,6,5,8,7,6,9,5,9,10
Samsung,S20 5G snapdragon,10,10,10,9,8,9,10,6,10,8
Apple,Xs,10,6,8,10,9,9,10,9,10,4
Apple,8,9,8,8,10,6,10,10,8,10,10
Oneplus,7 pro,9,7,10,9,8,8,10,4,10,10
Xiaomi,Xiaomi Redmi Note 8 Pro,10,7,8,9,10,8,10,10,10,10
Xiaomi,Mi Mix 2 ,9,5,8,10,8,10,10,1,10,10
Huawei,P30 lite,5,9,6,4,4,5,6,7,6,4
Sony,Xperia M5,3,4,5,4,0,3,9,8,1,5
Xiaomi,Xiaomi redmi 4x,4,7,5,7,8,6,8,5,4,5
Apple,iPhone 8 Plus,10,10,10,10,9,10,10,9,10,10
Huawei,P20,10,10,9,8,7,8,10,10,10,10
Xiaomi,Redmi Note 7,9,10,8,10,5,10,10,10,10,10
Samsung,Galaxy S9,8,6,10,9,2,8,10,10,9,10
Apple,iPhone SE ,10,7,6,10,8,9,9,8,10,10
Sony,sony xperia xa1,6,5,0,4,5,5,1,7,2,3
Xiaomi,Mi 9,10,8,8,7,9,7,10,9,10,9
Xiaomi,Mi 9T Pro,10,10,8,9,10,10,4,10,10,9
Motorola,Motorola G7 Power,9,4,6,9,10,9,8,9,9,9
Huawei,Huawei P30 Pro,8,10,8,8,10,9,10,8,10,10
Samsung,galaxy note 10 lite,8,7,6,8,10,9,10,5,10,7
LG,Lg k10 2017,7,4,9,7,8,9,4,5,9,9
Apple,iPhone 11,10,10,8,10,10,10,10,10,10,10
Huawei,p30 pro,10,10,9,9,10,6,10,5,10,10
Apple,7,10,8,5,10,7,10,10,7,9,8
Google,Pixel 2XL,10,7,8,10,8,6,10,5,10,7
Xiaomi,Mi A2,8,7,8,6,7,5,7,3,8,8
Xiaomi,Reemi note 5 4gb ram,4,9,7,8,5,3,10,5,5,7
Samsung,Galaxy S20,9,10,10,10,8,9,10,9,10,8
Redmi,Redmi 8,7,5,8,9,10,9,10,8,9,10
Xiaomi,Mi 9,9,10,6,7,4,5,7,2,3,6
LG,G6,7,8,7,5,4,7,9,7,8,10
Samsung,Galaxy Note 9,9,8,9,9,10,10,10,10,10,10
Huawei,Nova 5t,9,8,7,8,8,8,9,7,9,10
Xiaomi,Mi 9 T Pro,9,9,8,8,8,8,9,6,10,9
Xiaomi,Mi Mix 2S,7,5,7,7,3,5,9,6,6,7
Oneplus,Oneplus 6,9,8,8,10,7,6,10,8,10,9
Huawei,huawei p30 pro ,10,10,9,9,9,9,8,10,10,10
Apple,iPhone 8,9,9,9,9,5,10,8,8,10,7
Apple,11,10,9,8,10,7,8,10,7,10,7
Xiaomi,Xiaomi Mi 9,9,8,9,7,7,7,9,9,9,10
Xiaomi,Redmi Note 8T,9,9,9,8,8,10,10,9,9,10
Oneplus,7t pro,10,7,10,10,10,9,10,10,10,10
Redmi,Redmi note 8T,8,7,7,8,9,7,9,7,8,9
Huawei,Huawei mate 20 lite ,9,9,10,10,10,6,9,5,9,10
Xiaomi,Mi9,10,5,7,8,7,10,10,1,7,10
Xiaomi,redmi 7,6,3,7,4,4,3,7,5,7,7
Xiaomi,Redmi note 8 t,10,10,10,8,6,10,10,9,10,10
Huawei,Huawei p40 lite ,10,10,8,8,9,10,10,7,10,10
Apple,iPhone XS ,9,7,7,10,6,8,10,9,10,6
Redmi,Redmi Note 8T,9,8,7,8,8,9,10,9,10,10
Xiaomi,Redmi note 8,8,6,10,6,10,8,10,4,10,10
Huawei,P30 Pro,10,8,7,7,10,8,10,10,10,8
Xiaomi,Mi 9T 6/128,10,9,9,6,9,7,8,7,9,10
Samsung,Galaxy A70,9,7,9,9,9,7,8,8,10,9
Huawei,P30pro,9,10,8,8,9,7,10,9,10,10
Apple,XS Max,10,9,9,10,10,10,10,10,10,10
Huawei,P20 Lite,7,7,8,6,5,7,8,3,6,7
Xiaomi,Xiaomi Mi8,9,5,7,7,7,8,9,5,9,10
Oneplus,OnePlus 8 Pro,10,8,9,9,9,8,10,8,10,7
Xiaomi,Mi 9t,8,9,10,10,9,8,8,7,9,7
Redmi,Redmi 8,9,8,10,9,10,8,10,9,10,10
Xiaomi,9t,9,8,10,10,9,7,10,7,10,10
Oppo,Reno 2,9,9,9,9,9,8,7,9,10,8
Xiaomi,Mi a2 lite ,8,5,7,8,8,9,8,8,8,9
Apple,7 plus,9,5,2,10,6,8,10,2,10,10
Lenovo,Lenovo P2,7,4,5,0,10,9,10,5,8,8
Xiaomi,Redmi note 8 pro,9,9,7,7,8,7,9,6,8,10
Samsung,Galaxy A5 2017,4,6,4,2,3,8,5,3,4,4
Nokia,8,7,8,5,9,7,8,9,6,9,9
Samsung,Galaxy A50,8,5,10,9,6,4,4,3,9,10
Xiaomi,mi 9t pro,10,7,10,9,10,7,10,10,8,10
Huawei,Mate 10 lite,6,2,3,3,4,5,8,4,4,4
Motorola,Motorola G7 Power,8,4,8,10,10,9,10,8,9,10
Apple,8 plus,9,8,7,10,8,8,9,9,10,3
Xiaomi,redmi note 8 pro,9,7,8,8,10,6,10,8,7,9
Xiaomi,Mi 9T,9,9,9,8,8,8,10,7,9,7
Huawei,P30,10,10,10,10,10,10,10,10,10,10
Huawei,Huawei Y7 2019,8,7,7,6,7,5,8,5,7,6
Apple,iPhone xs ,10,7,8,9,6,9,10,8,10,7
Samsung,Galaxy 8+,8,8,9,9,7,9,10,10,8,8
Xiaomi,mi 9t pro,10,10,10,10,10,9,10,10,10,10
Apple,11,10,9,8,10,6,9,10,10,10,7
Apple,Apple iPhone 11,9,8,8,10,6,7,9,6,10,7
Apple,iPhone SE 1 Generacja,10,10,7,10,6,9,10,6,10,10
Samsung,A8 2018,7,6,7,7,5,5,4,6,7,7
LeEco,Le Max 2,8,7,7,3,6,7,9,3,8,10
Oneplus,7,9,5,7,9,8,7,10,6,10,9
Huawei,Huawei P20 Pro,7,8,7,7,9,9,8,7,6,8
Samsung,Galaxy A50,6,2,6,8,4,2,9,7,7,1
Xiaomi,A1,8,5,4,9,7,4,9,1,9,10
Xiaomi,Note 8 pro,9,8,8,9,10,9,10,7,9,10
Samsung,J5 2017,9,6,6,7,8,7,9,6,8,8
Samsung,S10+,10,9,10,10,9,9,10,10,10,10
Xiaomi,Redmi note 8 pro,8,6,8,7,8,8,8,9,8,10
Xiaomi,Xiaomi mi 9T,9,8,10,9,7,8,10,3,8,9
Oneplus,6,7,5,8,10,7,8,10,9,8,10
Redmi,Redmi 8,9,6,10,9,10,10,10,10,9,10
Xiaomi,5a note,6,4,10,6,9,9,10,3,3,10
Redmi,Redmi note 7,9,7,8,8,6,7,9,7,6,9
Huawei,P30 Lite ,9,8,8,9,10,9,8,8,9,8
Xiaomi,Redmi note 8t,9,6,7,7,9,8,7,4,9,8
Realme,Realme 6,10,7,8,10,10,8,7,6,10,10
Samsung,samsung a50,7,8,9,8,9,5,9,8,8,9
Oneplus,oneplus 7pro,10,7,10,9,8,9,10,0,10,10
Huawei,P9 lite 2017,7,3,0,6,5,8,5,7,6,6
Apple,iPhone se 2020,9,10,5,10,7,10,10,8,10,3
Samsung,Galaxy S8,8,8,7,8,4,9,10,6,9,7
Apple,iPhone 11 pro,10,9,10,10,8,7,10,8,9,4
Oneplus,oneplus 6,8,8,9,7,9,7,10,9,9,10
Xiaomi,Redmi note 7,8,9,10,9,7,8,10,7,9,10
Apple,8,10,8,7,8,3,10,7,7,10,5
Apple,X,10,7,8,10,8,8,10,8,10,8
Motorola,MOTO G8 POWER,10,7,9,10,10,10,8,6,10,10
Samsung,Galaxy S20+ 5G,10,10,10,10,10,10,10,9,10,10
Samsung,Galaxy S10+,10,10,10,10,8,10,10,8,10,10
Sony,Xperia XZ1 Compact,8,8,7,8,8,10,9,9,9,7
Xiaomi,redmi note 6 pro,8,5,8,7,9,8,8,6,8,10
Apple,iPhone 11 64gb,10,10,8,10,10,10,10,7,10,9
Apple,iPhone 11,10,10,10,9,8,10,10,10,10,10
Xiaomi,Redmi 6a,5,4,4,7,7,6,5,6,6,6
Xiaomi,mi 8 lite,4,4,6,4,7,6,10,3,6,7
Oneplus,6,10,6,7,10,7,6,10,5,10,10
Oneplus,OnePlus 7 Pro,10,8,10,9,10,9,10,7,10,10
Samsung,A40,8,8,8,9,10,9,8,8,9,10
Oppo,RX 17neo,9,6,8,10,5,6,4,6,7,10
Redmi,redmi 8,9,8,9,8,10,7,10,8,9,9
Xiaomi,Redmi 8,9,5,7,8,10,9,9,9,10,9
Samsung,A70,9,6,9,8,7,6,6,4,7,9
LG,LG G7 ThinQ,8,7,9,9,6,10,10,10,10,10
Xiaomi,Mi 9t,2,8,7,0,2,3,3,2,0,2
Samsung,Galaxy S8,10,7,9,5,6,3,7,8,9,1
Samsung,A41,7,8,9,7,9,10,10,8,10,10
Apple,XR ,8,8,10,8,6,8,10,5,10,7
Xiaomi,Redmi note 5,8,7,8,6,9,5,9,5,10,10
Samsung,S8,10,8,9,6,10,7,10,3,9,10
Samsung,a20e,6,8,7,9,9,8,8,7,7,9
Samsung,S10,10,10,10,9,10,10,10,10,10,10
Huawei,Huawei Nova 5t,10,9,9,10,8,10,10,7,9,10
Motorola,one,10,6,6,9,9,8,10,5,9,10
Samsung,Galaxy A20E,6,5,7,7,6,6,8,5,6,7
Xiaomi,Redmi 6,10,6,4,9,9,4,8,9,9,10
Samsung,a50,10,7,9,10,9,10,10,6,10,10
Asus,Max Pro M2,8,5,6,9,10,10,9,9,5,8
Xiaomi,Mi A2 Lite,8,5,6,9,7,7,10,9,8,10
Redmi,Redmi note 8 pro,10,8,8,10,9,9,10,7,10,10
Apple,iPhone SE (ten starszy),9,9,9,9,4,9,9,4,8,8
Samsung,S7 flat,10,4,10,8,6,4,10,10,10,10
Xiaomi,Mi A2 lite,8,5,6,9,10,8,10,4,8,10
Motorola,moto c,3,3,2,7,5,5,3,4,3,7
Huawei,Huawei Y6 2018,6,4,8,6,10,0,3,2,7,9
Samsung,A40,8,7,9,9,7,6,10,5,8,10
Apple,IPhone 8,10,8,8,10,6,10,10,5,10,7
Xiaomi,Mi 9,9,10,8,9,6,6,10,6,9,9
Xiaomi,Xiaomi Mi 9,9,9,9,10,10,9,10,9,10,10
Huawei,Huawei P20Pro,9,8,9,7,6,8,9,6,10,8
Samsung,Samsung Galaxy A7 2018,7,9,7,6,5,6,8,5,7,9
Redmi,Redmi Note 7,7,8,8,9,9,8,10,6,8,10
Apple,Iphone 7,9,8,7,10,6,9,10,9,10,10
Apple,xs ,9,8,9,10,9,10,10,7,10,6
Huawei,Huawei P20 lite,7,6,7,7,5,7,9,7,8,8
Xiaomi,Mi9T Pro,10,7,8,7,10,8,9,5,10,9
Samsung,A20e,8,9,9,10,8,9,10,10,9,10
Huawei,Huawei p40 lite,8,10,10,9,10,10,10,5,8,10
Motorola,Moto g6 play,4,7,6,7,8,6,8,1,4,6
Xiaomi,Redmi note 7,10,10,10,10,10,10,10,10,10,10
Xiaomi,MI 9T pro,7,5,7,3,5,5,9,1,10,10
Samsung,Galaxy S8,9,8,10,10,7,9,10,10,10,10
Apple,Xr,10,8,9,10,10,10,10,8,10,8
Samsung,Galaxy S9,9,9,7,6,3,6,9,7,8,8
Xiaomi,redmi note 7,8,8,9,8,8,9,10,8,8,9
LG,G5,7,7,4,7,5,3,7,8,7,7
Huawei,P10,8,6,8,7,2,8,10,8,8,10
LG,V30,9,8,8,6,5,10,10,10,8,10
Apple,8Plus,8,8,8,8,6,9,7,6,8,7
Huawei,P9 lite,5,7,8,6,3,5,7,5,4,6
Oneplus,5T,10,7,9,10,8,9,10,7,10,10
Huawei,p20 lite,8,7,7,6,7,7,8,4,7,8
Honor,Che2-L11,4,6,8,7,4,4,9,3,4,5
Xiaomi,Redmi Note 7,9,7,8,10,10,6,9,7,9,10
Xiaomi,4X,7,4,7,7,9,6,10,7,9,10
Xiaomi,redmi note 8t,9,9,9,7,10,8,9,10,10,10
Xiaomi,Redmi Note 8T,8,7,9,8,9,8,9,7,8,10
Xiaomi,Note 8t,9,7,10,9,8,9,9,8,10,10
Xiaomi,Redmi Note 5,7,5,6,7,8,8,9,5,5,8
Huawei,p30,10,9,9,9,10,10,10,8,10,7
Samsung,Samsung Galaxy A7 (2018),9,8,10,9,10,10,10,8,10,10
Motorola,Moto g7 power ,9,5,7,9,10,9,9,7,10,9
Apple,SE,7,8,10,8,9,9,10,7,9,6
Redmi,Redmi 9,7,9,7,9,10,10,10,8,10,10
Samsung,A71,7,8,9,9,10,7,9,8,8,8
Samsung,Samsung A70,10,9,10,10,10,10,7,10,8,8
Samsung,Galaxy j3 2015,9,3,2,6,10,8,9,8,4,9
Samsung,Samsung Galaxy S8,8,7,8,8,5,9,8,9,10,7
Apple,iPhone 7,8,8,8,10,6,9,10,8,8,7
Oneplus,OnePlus 6T,9,7,7,8,7,5,9,8,9,10
Samsung,Samsung A50,9,8,10,7,8,9,5,2,9,10
Huawei,Mate 10 lite,8,6,8,9,7,8,10,3,7,9
LG,G6 H870DS,7,8,6,4,6,9,6,7,8,10
Apple,iPhone 11 pro max,10,10,10,10,10,9,10,10,10,10
Motorola,G5S,9,2,8,7,10,4,2,0,8,8
Xiaomi,Pocophone F1,8,7,6,9,9,10,8,4,7,10
Samsung,A70,10,8,9,8,10,9,6,8,10,10
Samsung,galaxy a6 (2018),9,5,8,8,1,8,10,1,8,9
Huawei,Mi9,9,8,10,9,7,10,10,8,10,10
Honor,Honor Play,8,9,10,9,3,5,7,7,9,8
Apple,11,10,8,9,10,10,10,9,10,10,7
Apple,11,10,9,10,9,6,7,10,5,10,2
Xiaomi,Redmi 5 Plus,7,5,8,6,9,7,10,8,9,10
Xiaomi,Mi 9 lite,7,7,8,6,9,7,9,6,7,7
Sony,XZ1 ,7,6,7,6,3,6,8,6,6,6
Xiaomi,mi 9,9,7,8,8,9,10,10,8,9,8
Redmi,Redmi Note 8 Pro,9,10,9,10,8,10,10,8,9,10
Samsung,samsung galaxy A70,9,7,8,8,8,8,8,6,8,9
Asus,Zenfone Max Pro M2,9,9,10,8,10,10,8,3,10,9
Redmi,Redmi Note 8T,9,10,10,10,10,8,9,7,9,10
Apple,Iphone 8,8,6,6,10,3,6,8,7,9,9
Apple,Ip 8 plus,10,9,8,10,7,8,9,8,9,6
Huawei,P20 Lite ,5,6,8,8,9,8,7,3,6,10
LG,V30,10,10,9,9,10,10,10,10,10,10
Xiaomi,Xiaomi 4x,8,7,7,9,7,7,9,7,7,6
Samsung,S10,8,6,7,7,7,6,8,5,8,4
Apple,x,8,4,8,5,5,5,10,8,10,8
Xiaomi,Redmi Note 5,7,5,6,10,9,7,9,7,8,10
Apple,Iphone SE 2016,10,8,6,9,8,7,8,4,10,10
Apple,iPhone 8,9,6,6,10,7,7,10,8,10,8
Honor,Play,10,9,9,10,7,9,10,8,9,10
Xiaomi,Xiaomi redmi note 8 pro,9,8,9,9,8,7,9,6,9,10
Nokia,6.1,9,5,7,10,8,7,10,7,10,9
Motorola,G7,7,3,6,9,10,9,9,6,9,7
Apple,iPhone 8,10,7,8,8,10,8,10,4,10,2
Apple,11 pro Max ,9,10,10,10,10,9,10,9,10,8
Samsung,Samsung s7,8,8,7,5,6,7,10,6,9,8
Honor,Honor 10,9,6,8,9,6,7,10,8,8,9
Samsung,Galaxy A70,8,10,10,10,9,9,10,10,10,10
Huawei,P8 lite,2,4,7,8,5,5,8,4,2,4
Xiaomi,Mi A2 Lite,8,5,9,9,7,6,8,4,7,9
Huawei,P9 lite mini,7,6,4,8,7,5,8,4,8,6
Asus,Zenfone Max,1,3,5,2,10,4,10,5,1,3
HTC,U Ultra,6,7,6,4,4,7,4,6,7,9
Huawei,Mate 20 lite ,10,7,8,8,8,5,10,7,10,10
Blackview,Bv9500,8,5,5,6,9,6,9,8,8,8
Apple,Xs,10,10,10,10,10,10,10,10,10,10
Xiaomi,Xiaomi redmi note 9,8,8,9,8,7,5,9,8,7,8
Apple,xs,10,9,9,10,6,8,10,10,10,9
Huawei,P20 Pro,10,7,5,10,9,10,10,2,10,10
Apple,8,9,10,10,9,9,10,10,9,10,9
Apple,7,8,6,6,9,5,7,10,10,9,10
Xiaomi,Redmi note 8 pro,10,7,8,10,10,7,10,5,10,10
Xiaomi,Mi a2 lite,7,8,6,9,8,10,9,9,7,10
Apple,7,9,6,8,10,5,8,10,8,9,8
Redmi,Redmi note 7,8,7,8,9,8,8,9,6,8,10
Apple,8,10,9,10,10,4,8,10,6,10,7
Samsung,Galaxy A50,8,9,10,7,8,8,10,10,10,8
Samsung,A30s,10,8,6,7,10,9,10,6,10,10
Apple,X,10,8,8,9,8,9,10,9,10,7
Samsung,Samsung Galaxy A50,8,6,9,7,8,1,8,5,8,9
Apple,Iphone XS,9,9,8,9,8,9,10,8,9,8
Apple,iPhone Xs,10,9,9,10,8,10,10,9,10,10
Redmi,Redmi note8t,8,7,8,6,8,6,7,7,8,9
Huawei,Mate20,9,9,10,9,10,9,8,8,9,8
Samsung,Galaxy A50,7,8,7,9,8,9,10,7,7,5
Xiaomi,MIX 2,8,6,9,9,6,8,10,5,10,10
Xiaomi,Xiaomi Mi Max 3,10,6,5,9,10,6,3,3,5,7
Sony,Sony xperia xz3 ,9,8,10,10,10,10,10,9,10,10
Xiaomi,Redmi 4 Prime,8,3,8,9,9,9,10,6,8,10
Mateusz Kobus,Globus PRO,10,10,10,10,10,10,10,10,10,10
Apple,7 plus,10,5,6,9,6,5,10,3,10,10
Xiaomi,Redmi note 7,8,8,9,7,9,7,10,8,10,10
Apple,8 plus,6,6,6,8,6,8,8,5,7,6
Apple,iPhone X,9,10,8,9,6,8,8,3,10,7
Samsung,Note 10,10,10,8,10,8,10,10,10,10,10
Apple,iphone xs,9,10,8,10,7,9,9,5,8,6
Xiaomi,Redmi note 8t,8,6,10,9,10,10,8,5,8,9
Huawei,P10,9,8,9,10,8,8,9,7,10,9
Samsung,A70,8,7,9,8,9,8,8,8,9,6
Apple,Iphone 11 64gb,9,9,10,10,8,9,10,7,10,8
Apple,XS,10,8,10,10,9,10,10,10,10,10
Samsung,galaxy a20e,7,7,9,8,8,8,9,8,9,9
Xiaomi,Xiaomi Mi A1,7,5,7,9,8,7,7,4,7,9
Apple,8,7,9,8,8,6,7,8,7,9,8
Xiaomi,Redmi 6,9,7,8,10,8,8,10,10,10,10
Apple,iphone xr,10,8,9,9,9,8,9,8,10,7
Apple,11,10,10,10,10,10,10,10,10,10,10
Samsung,Galaxy S10,9,8,10,10,8,9,7,10,10,7
Samsung,galaxy s9+,7,8,8,7,5,8,8,9,8,7
Xiaomi,Mi 9 se,7,4,8,9,5,9,10,9,6,9
Samsung,samsung galaxy s8,8,7,8,7,4,8,6,10,10,8
Apple,iphone 8,10,9,10,3,8,7,10,5,8,4
Xiaomi,Mi 9,10,8,9,10,9,10,10,8,10,10
Xiaomi,redmi note 7,9,7,10,10,10,9,10,7,8,10
Apple,11,9,9,8,9,7,9,10,6,10,8
Apple,iPhone X,10,10,10,8,9,9,9,10,10,8
Samsung,s9+,8,6,7,7,7,8,10,8,9,6
Huawei,Rn8,4,5,8,5,3,4,8,0,4,3
Sony,Xperia XZ1,9,7,7,8,7,9,9,9,9,10
Oneplus,OnePlus 6,10,6,8,10,8,6,9,5,10,8
Xiaomi,Mi A3,9,9,9,9,10,10,10,7,9,10
Lenovo,Lenovo K5,7,7,4,6,7,6,6,5,6,9
Xiaomi,Redmi note 8 pro ,8,5,7,7,7,6,8,9,10,10
Samsung,SAMSUNG GALAXY A5 ,8,3,7,6,6,5,8,0,8,9
Xiaomi,Redmi 7,4,3,8,6,8,5,3,4,5,8
Samsung,Galaxy A40,7,8,9,8,6,8,9,7,6,5
Huawei,mate 20 lite ,7,6,10,8,7,6,10,7,7,9
Redmi,Xiaomi Redmi 5 Plus,8,6,8,9,9,7,8,6,8,10
Huawei,mate 10 lite,9,3,5,8,5,8,5,1,9,6
Xiaomi,Mi6,9,4,6,9,9,8,10,7,8,9
Samsung,Galaxy S8,9,10,10,8,5,9,2,10,9,5
Samsung,A5 2017,9,5,4,1,4,6,5,5,8,7
Xiaomi,Redmi Note 8 Pro,9,7,8,6,9,7,10,8,10,10
Xiaomi,Redmio note 8t,6,8,7,8,10,8,10,8,10,10
Xiaomi,Mi 9 lite,10,6,9,10,10,9,9,10,10,10
Samsung,Samsung Galaxy S7 Edge,5,6,8,7,2,7,7,8,6,9
Xiaomi,Redmi 8T,4,10,8,10,9,10,10,7,6,8
Apple,iphone 11,9,10,10,9,10,10,10,10,10,10
Xiaomi,Mi A3,6,6,9,2,10,10,10,0,2,2
Xiaomi,Redmi 8,8,2,9,10,10,8,9,4,8,10
Xiaomi,Mi A1,7,7,5,10,10,7,5,2,7,5
Xiaomi,Redmi Note 8 Pro,8,9,8,8,9,8,9,6,5,9
Samsung,Galaxy s9,8,8,9,9,7,8,9,8,9,8
Apple,iPhone 7,9,8,8,9,2,8,10,9,9,5
Lenovo,Lenovo K6 Note,6,1,10,0,10,6,2,6,6,8
Apple,7,10,8,9,10,7,8,10,8,10,10
LG,X Power,3,3,7,2,5,7,10,4,2,4
Xiaomi,pocophone f1,8,3,7,8,6,8,9,8,8,10
Honor,9x,7,8,10,8,6,7,10,8,8,6
HTC,U11,10,9,10,9,8,10,10,8,10,9
Xiaomi,Xiaomi Mi 9,9,8,7,9,9,6,9,7,9,10
Redmi,Redmi note 8,4,6,6,6,8,8,8,5,3,1
Redmi,Note 7 ,8,7,8,7,7,9,9,6,8,10
Xiaomi,Mi 6,8,8,7,8,9,7,9,5,10,10
Apple,iPhone 8,10,10,10,9,7,10,10,7,10,7
Huawei,Huawei p30 pro,8,10,10,10,10,10,10,7,10,10
Xiaomi,Redmi,8,2,8,5,10,8,9,5,9,10
Apple,11,10,6,7,10,6,4,8,8,10,5
Apple,ip7,4,2,5,6,0,1,7,6,3,1
Xiaomi,redmi note 6 pro,7,8,9,10,9,7,8,4,6,7
Xiaomi,Redmi note 9 pro,9,6,9,5,8,4,8,7,8,8
Xiaomi,Mi note 10 lite,8,8,9,8,10,7,9,6,9,10
Huawei,P9 lite ,8,5,8,9,7,7,10,4,5,9
Xiaomi,Redmi Note 7,9,8,10,8,5,9,10,7,9,10
Apple,iPhone X,10,3,6,10,7,6,8,9,10,9
Samsung,a10,3,0,3,8,5,2,4,2,6,7
Apple,XS,9,9,8,9,7,8,9,8,9,8
Huawei,P30 pro,9,10,10,9,9,9,9,9,10,9
Xiaomi,Redmi note 5,7,8,3,6,9,7,10,7,5,6
LG,G6,7,5,6,0,3,5,9,7,8,9
Xiaomi,Redmi 4X,8,5,3,9,5,5,8,3,8,9
Huawei,P40 lite,10,9,10,8,10,10,10,6,8,10
Samsung,Galaxy s10e,8,8,9,7,4,7,6,6,8,7
Honor,honor p7 lite ,7,4,10,10,6,8,8,0,7,10
Xiaomi,mi9,9,8,8,7,7,8,10,6,8,10
Xiaomi,Redmi Note 3 Pro Prime,8,6,10,9,10,7,9,4,9,10
Apple,iPhone 7,8,7,9,10,7,8,0,8,10,10
Xiaomi,Redmi 6,4,4,6,7,7,5,4,5,4,5
Huawei,P20 Lite,8,4,8,3,2,9,10,4,9,10
Apple,X,10,9,9,7,8,10,10,8,10,7
Huawei,huawei p9 lite,10,3,5,2,10,6,10,3,7,10
Motorola,Moto g8 ,8,9,8,10,9,7,9,9,10,9
Apple,11,10,10,4,10,9,6,10,8,9,2
Huawei,Y7 prime 2018,3,7,5,4,6,6,4,6,5,6
Huawei,Huawei p10,8,9,10,7,6,6,9,5,10,10
Xiaomi,Mi a3,8,7,6,10,8,8,8,6,8,10
Samsung,galaxy s8,9,7,10,8,7,9,10,6,8,10
Xiaomi,redmi note 5,7,4,8,8,9,7,9,3,8,8
Huawei,Mate 20 pro,10,10,9,6,10,8,10,7,10,10
Huawei,P30 pro ,8,9,8,8,6,10,7,6,9,7
Xiaomi,Mi Mix 3 5G,9,7,9,3,7,7,9,9,9,10
Redmi,Note 7,8,7,7,9,7,8,9,7,9,10
Xiaomi,redmi 4x,8,7,8,8,7,6,9,3,8,10
Huawei,P9,6,7,5,3,3,4,9,5,6,3
Xiaomi,Xiaomi Mi 9T Pro,10,10,10,10,10,8,8,9,10,10
Huawei,P30 Pro,9,10,10,10,9,9,10,9,9,9
Redmi,Redmi Note 7,7,7,9,9,6,9,10,8,9,10
Xiaomi,Redmi Note 7,8,4,7,7,9,6,10,7,8,10
Oppo,CPH1903,10,10,9,10,9,9,10,10,10,9
Huawei,Y6 2017 MYA-L41,1,4,6,3,5,2,9,4,1,5
Samsung,S10e,9,9,8,8,3,7,9,8,9,8
Apple,XR,10,7,8,10,9,10,10,9,10,10
Xiaomi,Mi a1,7,5,5,8,8,7,9,6,7,10
Apple,Iphone se 2020,10,10,10,10,10,10,10,9,9,10
Apple,SE 2020,10,9,7,10,6,10,10,10,10,8
Apple,iPhone 11,10,8,8,10,9,10,8,7,10,10
Xiaomi,Mi 8,10,8,7,9,10,6,10,6,10,10
Huawei,P20 Pro,4,10,8,8,9,6,10,7,5,8
Xiaomi,Redmi note 8 pro,9,10,9,8,10,8,10,8,10,10
Apple,XS,10,7,9,10,6,8,10,10,10,8
Xiaomi,redmi note 7,8,9,6,5,7,6,9,7,8,10
Huawei,p10 lite,8,7,7,6,7,6,6,4,9,8
Samsung,S10 plus,9,10,8,10,8,10,10,10,10,5
Huawei,mate 10 lite,4,5,7,6,5,6,8,4,4,6
Xiaomi,Mi 9 SE,8,10,8,10,2,6,9,6,8,10
Xiaomi,redmi pro standard,9,8,10,9,7,7,10,9,10,10
Apple,se 2020,10,8,10,8,9,8,10,6,10,10
Oneplus,Oneplus 6,8,7,7,9,8,7,10,4,8,10
Samsung,Galaxy A5,8,6,6,7,10,6,8,5,7,7
Apple,xs,10,9,9,10,8,9,10,7,10,7
Xiaomi,Mi 9,10,10,10,9,10,8,10,8,10,10
Xiaomi Redmi?,Xiaomi Redmi Note 5,9,6,8,10,8,10,7,9,10,10
Honor,honor 10,3,5,5,7,5,4,8,7,8,8
Apple,11,10,8,7,10,9,9,10,9,10,10
Xiaomi,Mi A2,8,10,9,7,9,7,10,7,8,10
Xiaomi,Pocophone f1,8,4,4,5,5,7,9,6,7,10
Apple,IPhone 11 Pro,10,9,8,9,8,8,10,9,10,6
Huawei,p20 lite,7,8,8,7,5,5,9,3,7,8
Apple,Xs,10,7,7,10,5,10,9,9,10,10
Samsung,S10e,9,9,8,10,5,8,10,9,8,9
LG,LG K10 2017,5,8,9,6,3,5,7,6,6,8
Huawei,Huawei P10,8,7,9,8,7,6,6,5,8,8
Apple,iPhone 7,9,7,10,10,5,4,10,6,10,9
Motorola,Moto G6 Plus,9,5,9,8,7,6,8,9,9,10
Oneplus,6,9,7,6,10,8,7,10,6,10,10
Xiaomi,Xiaomi redmi note 8t,8,7,8,6,9,9,9,5,9,10
Huawei,Huawei Mate 20 lite,9,5,8,10,10,10,8,6,9,10
Xiaomi,Redmi note 4,6,2,4,4,6,3,8,2,6,9
Xiaomi,Redmi note 7,10,8,8,5,8,9,10,5,10,10
Huawei,p40 lite,9,8,9,7,10,8,10,6,9,4
Samsung,S10,10,10,10,10,10,10,10,10,10,6
Samsung,Galaxy S7 edge ,7,8,8,9,6,7,9,10,9,9
Samsung,Galaxy a70,10,7,8,9,10,8,10,8,8,5
Apple,iPhone 11,10,10,8,10,10,10,10,8,10,10
Huawei,Huawei p smart 2019,7,8,10,6,7,7,8,5,7,10
Apple,7,7,8,7,10,3,8,9,8,8,8
Apple,IPhone SE,8,7,9,7,7,8,10,5,9,9
Samsung,Galaxy S9+,8,7,10,9,7,10,10,9,10,10
Xiaomi,Redmi Note 8T,10,7,7,10,7,9,9,5,9,10
Xiaomi,redmi note 8 pro,9,9,9,8,9,5,10,10,9,8
Xiaomi,Redmi note 5,6,6,9,9,8,9,10,6,6,8
Apple,7,10,8,8,10,4,8,9,7,10,8
Oneplus,Oneplus 6,9,8,10,8,10,8,10,7,10,10
Huawei,Huawei Mate 10 Lite,7,6,7,7,5,5,6,3,6,8
Xiaomi,Mi 9,6,9,10,6,7,6,9,10,9,10
Apple,Iphone se 2020,10,7,9,10,10,10,10,10,10,10
Xiaomi,Redmi 5 plus,5,6,8,7,4,8,9,6,7,8
Apple,iPhone 8,10,7,10,9,7,9,10,10,10,8
Xiaomi,redmi note 8 pro,10,6,10,10,10,9,10,7,9,8
Apple,iphone 6s,10,9,9,10,9,9,10,8,10,10
Xiaomi,redmi 6a,6,9,8,7,9,7,9,4,9,10
Huawei,Y5 2018,3,5,8,8,6,5,5,6,2,5
Xiaomi,Mi Max 2,8,3,6,6,10,6,9,8,7,9
Lenovo,Lenovo Z5,7,4,7,3,3,3,9,3,6,9
Samsung,Galaxy A6+,8,7,8,9,9,6,10,9,9,8
Xiaomi,Redmi Note 8 Pro,10,10,7,9,6,9,10,7,9,10
Apple,Iphone XR,9,10,9,9,8,9,10,8,9,7
Samsung,Galaxy S20,9,10,10,8,7,10,10,8,10,7
Xiaomi,redmi note 8 pro,10,9,8,10,9,9,10,6,9,10
Xiaomi,Xiaomi Mi 9T,9,8,10,6,9,5,6,7,9,10
Xiaomi,R 4X,9,5,8,9,4,9,3,5,9,10
Apple,iPhone 8,9,8,7,10,6,10,10,10,9,8
Samsung,galaxy s8,9,7,8,9,5,8,10,9,10,9
Huawei,P Smart 2019,7,4,8,7,9,6,5,3,7,8
Xiaomi,redmi note 4,8,4,7,9,9,8,10,3,10,10
Samsung,A20e,3,6,8,7,7,9,10,6,5,9
Samsung,A10,6,6,8,8,8,8,9,8,7,10
Oneplus,OnePlus 7 Pro,8,9,10,9,9,9,10,6,8,8
Apple,iPhone 8,8,6,9,9,7,8,10,9,9,7
Apple,se,10,7,7,10,5,8,10,6,8,9
Apple,7,10,5,10,10,5,10,10,8,10,10
Samsung,S20,10,10,9,9,6,9,10,8,9,8
Samsung,A51,7,9,10,7,10,8,10,9,9,3
Google,Pixel 2,10,8,8,10,9,9,10,7,10,10
Xiaomi,pocophone f1,10,8,5,10,7,7,9,9,9,10
Apple,X,9,9,10,9,7,8,0,8,10,8
Apple,SE 2020,10,8,8,10,3,8,10,6,9,9
Xiaomi,Mi 9,9,9,8,8,7,9,10,5,9,10
Huawei,Mate 20 lite,9,8,8,9,10,9,10,7,9,10
Apple,Xs,10,6,10,5,6,10,10,10,10,5
Samsung,Samsung s9,7,6,9,8,4,7,6,9,6,5
Apple,X,10,8,8,10,6,8,10,5,8,7
Samsung,galaxy s8+,8,7,8,5,6,7,10,6,8,8
Apple,iPhone 11,8,10,6,8,6,7,10,8,7,6
Apple,iPhone 11,10,8,7,9,7,9,10,8,10,7
Xiaomi,Redmi 8T,8,10,9,9,9,10,10,10,8,10
Apple,iphone 6s,5,7,6,9,2,5,7,4,6,0
Oneplus,6,9,6,7,9,8,7,10,8,9,9
HTC, Desire 12 ,7,5,8,9,3,10,8,4,4,9
Apple,iPhone XI Pro Max,10,9,8,10,10,10,10,9,9,9
Samsung,A5 2017,8,4,7,6,9,8,10,8,9,10
Oneplus,Oneplus 6,9,7,8,9,4,6,8,7,8,8
Oppo,R9s,7,4,9,3,9,6,10,3,6,10
Samsung,S8+,10,8,10,6,5,8,10,9,10,10
Xiaomi,Redmi 6,9,7,7,8,4,8,9,7,8,10
Apple,iphone 11,9,9,8,9,10,9,9,8,10,8
Apple,iPhone 8,9,8,8,7,7,10,10,6,9,10
Motorola,G6,5,6,8,9,10,7,10,6,6,8
Honor,Honor 8,8,4,5,6,7,4,8,3,9,10
Samsung,A20e,9,5,7,6,8,7,9,7,8,9
Xiaomi,Redmi 5 plus,10,1,8,7,7,1,8,2,8,8
Xiaomi,Redmi note 4,8,4,7,8,8,9,9,7,10,10
Samsung,Galaxy S8,8,6,8,5,3,8,8,8,8,7
Xiaomi,Redmi note.5 pro,7,7,7,7,8,7,7,7,7,9
Huawei,Redmi note 7,8,7,9,9,10,9,10,8,9,10
Apple,IPhone 5S,7,5,8,10,4,4,7,0,8,9
Xiaomi,Redmi note 8,7,8,8,9,10,10,10,2,9,10
Oneplus,7 pro,10,8,10,10,10,10,10,5,10,7
Samsung,Galaxy Xcover 3,5,0,0,3,2,3,9,3,3,10
Huawei,Mate 20 lite,9,7,10,8,10,10,10,6,10,9
ZTE,ZTE Nubia Z17 lite,6,3,7,5,5,6,8,0,6,10
ZTE,ZTE Blade V6,3,2,6,3,5,2,7,1,4,5
Xiaomi,Redmi 7a,9,9,9,8,10,9,10,8,10,10
Xiaomi,Mi8 lite,7,6,9,8,6,5,8,4,7,7
Apple,iPhone 8,10,8,7,10,8,9,10,10,10,9
Apple,Iphone 7,10,9,10,10,9,5,10,4,10,7
Apple,XS Max,10,9,9,10,8,10,10,7,10,7
Huawei,Mate 10 lite,9,7,8,8,7,8,9,4,10,10
Redmi,Redmi 4X,7,7,8,8,8,7,10,7,9,10
Apple,iPhone 7,8,6,8,9,3,8,9,5,10,10
Huawei,psmart 2018,6,2,6,9,7,8,9,3,9,8
Apple,8,9,7,7,9,8,9,8,8,10,9
Samsung,Nw,9,7,6,9,4,6,6,2,7,7
Samsung,Samsung a50,8,8,9,8,7,9,9,7,8,8
Samsung,Samsung Galaxy A7 2018,8,6,8,9,7,7,9,6,8,8
Apple,iphone 8,10,8,7,9,7,7,9,8,9,8
Samsung,Samsung a30s,10,9,10,10,10,9,6,8,9,10
Honor,7 lite,4,4,6,4,3,8,9,7,5,9
Apple,Xr,10,8,7,10,7,9,10,10,10,8
Huawei,p20 lite,10,9,10,3,1,5,5,5,7,10
Xiaomi,Redmi 7,7,4,6,10,9,6,9,2,8,10
Motorola,Z3 Play,9,5,4,9,7,8,9,6,8,7
Xiaomi,Redmi 7,7,5,8,7,7,7,7,7,8,8
Huawei,p20 lite,8,6,7,7,5,7,10,6,8,10
Motorola,Moto G6 play,6,3,4,6,7,5,6,4,8,9
Oneplus,Oneplus 7T,10,6,7,10,8,7,7,5,8,8
Huawei,P30PRO,10,10,8,10,7,6,9,9,10,10
Samsung,Galaxy Note 10 plus,10,9,8,10,10,9,10,10,10,9
Samsung,S10+,10,10,10,9,6,9,10,10,10,9
Xiaomi,Xiaomi mi9,9,6,7,8,4,8,10,7,9,10
Google,Pixel 3a,9,8,8,8,7,9,9,7,9,9
Apple,X,10,8,10,10,7,10,10,8,10,8
Xiaomi,Redmi 3 pro,7,3,5,5,2,5,9,7,7,10
Apple,iPhone 7,8,8,9,10,10,7,9,5,10,10
Apple,11 pro,10,9,10,10,9,7,10,10,10,6
Samsung,s7,8,8,8,9,8,8,10,8,9,10
Xiaomi,Redmi 8 pro,8,7,8,8,10,7,10,9,9,10
LG,G7 thinQ,8,7,7,8,6,9,10,8,9,9
LG,Q6,6,4,7,7,9,6,10,0,8,7
Huawei,P9 LITE,6,7,7,8,9,5,10,3,4,10
Samsung,Samsung Galaxy A50,8,9,10,10,10,10,10,4,10,10
Huawei,HUAWEI P20 lite ,8,6,8,9,4,6,9,6,9,10
Xiaomi,Mi 9,10,8,9,9,8,8,10,8,10,10
Samsung,A6+,10,7,7,7,8,6,8,4,8,7
Samsung,A6+,9,3,7,10,8,8,10,7,9,7
Samsung,Galaxy s9,9,10,10,9,6,10,10,10,9,10
Xiaomi,Pocophone  F1,8,7,9,8,4,8,8,7,8,10
Xiaomi,Redmi note 4x,8,6,8,9,9,4,9,5,8,10
Xiaomi,Xiaomi redmi note 4,8,3,7,8,10,6,10,4,10,10
Xiaomi,Redmi 8,9,7,9,9,10,7,10,7,10,10
Huawei,Mate 20 pro ,10,10,10,8,10,8,9,7,7,10
Sony,Xperia m10,8,7,7,6,7,9,10,5,10,5
Huawei,P30 Lite,9,9,9,9,7,9,8,9,9,8
LG,G6,5,6,5,5,5,6,7,5,5,8
LG,K50s,7,4,9,9,9,8,7,6,8,8
Apple,iPhone 8 64GB,9,9,8,10,8,10,9,4,10,10
Xiaomi,Xiaomi Mi A2 Lite,7,5,7,5,10,9,9,7,9,10
Xiaomi,Mi Mix 2s,10,10,8,10,8,9,10,5,10,10
Xiaomi,Mi 10 pro,10,9,9,8,9,10,9,8,10,9
Apple,Apple Iphone 8,10,8,9,9,5,7,10,6,10,10
Xiaomi,redmi note 8T,9,3,5,9,9,7,9,8,8,10
Apple,iPhone 11,10,10,10,10,8,10,10,10,10,8
Apple,iPhone SE,10,9,8,9,7,7,10,8,10,8
Xiaomi,Mi 9T 6/64,10,6,8,9,9,7,8,3,10,9
Huawei,Huawei pro,7,10,5,7,10,9,10,10,10,10
Apple,7 plus,9,10,9,10,3,8,10,8,10,8
Apple,Iphone 11,8,10,10,10,7,10,10,10,10,10
Xiaomi,Xiaomi Mi 9T,7,9,9,9,7,7,9,6,8,9
Apple,6s Plus,6,4,3,10,8,6,10,5,9,10
Xiaomi,Redmi 5,9,6,5,9,9,3,10,10,10,10
Redmi,Note 7,9,8,9,8,9,6,10,7,9,10
Xiaomi,MI8 Lite,10,8,10,7,9,7,10,4,10,10
Apple,Xr,10,10,7,10,7,9,10,5,10,7
Xiaomi,redmi note 8,7,7,8,9,10,6,7,5,7,9
Huawei,Mate 20 lite,8,7,8,9,7,9,10,6,10,8
LG,G7 FIT,7,8,9,7,5,4,8,4,5,6
Apple,7,10,9,9,9,5,3,10,2,8,7
Xiaomi,Redmi note 7,3,4,7,7,9,9,10,2,5,6
Huawei,YII,8,6,8,9,5,5,10,7,10,8
Apple,iPhone 7,9,7,10,9,5,7,10,0,10,7
Apple,iphone 7 ,10,6,7,8,5,9,7,6,8,7
LG,LG K10 2017,7,7,5,7,5,7,4,5,7,7
Samsung,Galaxy A70,8,9,10,7,10,9,10,8,8,10
Samsung,S8+,10,9,10,9,8,10,10,10,10,10
Apple,IP8,10,7,8,10,6,8,10,8,8,9
Xiaomi,Redmi Note 7,4,7,7,2,6,8,9,3,7,10
Huawei,Mate20Lite,9,8,8,10,10,9,10,10,10,10
Xiaomi,Mi9t pro,9,7,9,9,8,7,9,9,9,9
Cat,S60,8,5,9,8,8,8,10,10,10,6
Apple,iPhone 7,8,7,9,10,7,9,7,5,8,8
Samsung,Galaxy S10,9,9,10,8,7,10,10,10,9,10
Oneplus,Oneplus 7 pro,10,7,10,9,8,9,10,4,9,6
Xiaomi,redmi note 8 pro,9,5,8,9,10,4,10,8,9,10
Sony,Sony Xperia I,8,6,8,6,9,9,7,5,9,9
Apple,iPhone X,10,8,9,10,7,9,10,8,10,10
Samsung,Galaxy S7,6,8,6,4,3,8,9,10,6,6
Huawei,P20,8,9,7,5,8,1,10,2,7,7
Huawei,P20 Pro,10,8,8,6,9,10,10,9,10,8
Xiaomi,Mi9,9,9,10,8,7,9,7,9,10,10
Apple,iPhone 11 Pro,10,9,6,8,8,9,10,7,10,6
Xiaomi,Mi 9,9,9,9,10,8,7,9,7,10,10
Xiaomi,Redmi note 5 pro,4,7,4,5,6,7,7,7,4,8
Samsung,S9,9,8,9,10,8,8,10,8,9,8
Apple,6s,10,7,7,10,8,8,10,8,10,10
Samsung,Galaxy S9+,8,7,7,5,2,9,9,9,6,8
Samsung,a51,8,3,8,8,6,6,4,3,5,6
Huawei,P20,6,10,9,6,3,5,9,7,10,6
Xiaomi,Remi Note 5,8,4,6,9,9,8,10,8,8,9
Apple,Xr,10,10,10,10,10,10,10,10,10,9
HTC,a9s,4,8,9,8,4,6,5,9,6,9
Samsung,galaxy s10,10,8,9,9,3,7,10,9,10,5
Huawei,p10,6,5,8,7,6,9,8,10,7,8
Huawei,Huawei Mate 10 Lite,7,8,8,8,4,9,3,3,6,7
Nokia,7 Plus,9,7,8,8,8,9,10,7,9,9
Xiaomi,MI 8 LITE,10,7,6,9,8,10,7,6,9,9
Samsung,galaxy s10+,9,9,9,9,10,10,10,10,10,7
Xiaomi,Mi mix 2s,10,7,9,10,6,8,10,10,10,10
Xiaomi,Xiaomi Redmi note 4X,9,5,5,8,3,7,7,5,8,10
Apple,iPhone X,8,7,9,7,7,9,10,7,10,6
Samsung,A40,9,6,9,10,7,6,10,5,9,10
Huawei,P30 pro ,10,10,10,9,10,10,8,9,10,9
Redmi,Redmi note 7,8,4,9,7,3,6,8,5,6,8
Apple,iPhone XS Max,10,9,10,10,10,10,10,10,10,10
Apple,11,10,10,10,10,9,10,10,10,10,10
Samsung,S10e,8,10,10,9,10,10,10,10,10,10
Xiaomi,Mi 8 lite,7,7,10,10,6,10,10,7,9,10
Apple,iPhone 6,6,7,9,8,3,8,10,5,7,8
Xiaomi,Redmi note 7,9,8,9,9,9,10,9,9,10,10
Samsung,samsung galaxy s7,7,7,9,6,4,6,10,8,8,7
Xiaomi,Mi a2 lite,9,3,7,8,8,8,9,5,9,10
Xiaomi,redmi a8,8,4,6,6,8,7,6,3,5,10
Samsung,Galaxy S6,7,4,8,6,7,4,10,3,5,10
Apple,iphone 6s,7,8,8,9,3,6,7,4,7,5
Apple,Xr,10,9,9,9,6,8,8,6,10,9
LG,G6,7,6,9,6,3,7,9,7,8,10
Xiaomi,Note 8 Pro,10,7,1,6,9,4,3,7,0,8
Xiaomi,redmi 3,8,7,8,6,9,7,10,8,8,10
Apple,X,9,7,9,9,2,9,10,10,10,10
Apple,7 plus,10,10,10,7,7,0,10,0,10,10
Samsung,A90 5G,10,9,8,9,10,8,10,6,10,10
Honor,8X,8,7,10,8,9,5,5,6,8,10
Apple,iPhone 8,10,9,10,10,8,10,10,0,10,5
Huawei,Mate 20 lite ,9,10,9,8,8,8,10,7,9,9
Samsung,a20 ,8,5,6,8,8,6,7,5,7,6
Apple,iPhone 11,9,8,9,10,7,9,9,9,10,8
Samsung,S10,9,9,9,8,8,9,9,9,9,7
Apple,8,10,8,10,9,8,10,10,8,10,10
Xiaomi,Redmi note 7,10,6,10,9,5,9,10,9,10,10
Xiaomi,Xiaomi Mi 9T,10,10,9,9,10,9,10,10,10,10
Apple,6s,10,9,8,6,4,8,3,7,10,10
Apple,XR ,9,8,8,10,8,10,10,10,10,9
Apple,SE 2020,10,9,10,9,6,9,10,10,10,8
Apple,iPhone 6s,9,7,8,9,3,7,8,7,8,8
LG,V30,9,7,8,8,3,7,10,8,9,5
Xiaomi,Mi 8 Lite,8,5,7,6,3,5,7,2,8,8
Xiaomi,Redmi note 8t,8,6,3,6,7,6,7,6,8,9
LG,K50S,9,8,7,9,7,8,9,5,7,8
Samsung,Samsung Galaxy S10e,9,6,7,8,9,10,4,7,7,6
Apple,5se,9,8,10,10,9,10,10,10,10,10
Samsung,Samsung A7 2019,8,9,8,7,7,9,9,6,10,10
Samsung,Galaxy Note 10+,9,8,10,10,10,8,10,9,10,5
LG,G7 ThinQ,8,7,7,9,8,8,9,10,8,10
Huawei,P20 Lite,5,6,8,7,7,8,8,7,5,4
Xiaomi,Mi note 10,10,8,10,8,10,6,10,6,10,8
Honor,8x,6,4,9,9,9,7,10,6,7,8
Samsung,Samsung galaxy a70,9,7,9,9,9,10,10,8,9,9
Apple,iPhone 11,9,10,10,10,10,10,10,10,10,9
Xiaomi,redmi note 8 pro,9,10,9,9,7,8,10,8,10,10
Xiaomi,Redmi 6,8,4,8,9,9,7,8,7,8,10
Huawei,P Smart 2019 ,5,8,7,9,4,4,4,5,5,7
Apple,ip 6s,9,7,6,8,6,8,10,8,10,9
Huawei,P Smart 2019,8,8,9,8,9,9,10,7,8,9
Asus,ROG Phone,10,8,10,10,9,5,10,8,10,10
Xiaomi,Mi a1,8,7,9,10,8,8,10,6,9,10
Xiaomi,Redmi 8 pro,10,8,9,10,10,8,10,9,10,10
Samsung,Galaxy J5 (2016),5,4,6,7,7,6,9,2,5,7
Apple,iPhone 11,10,9,7,8,10,8,10,6,10,10
Samsung,Galaxy A50,9,7,10,9,10,9,10,8,10,9
Huawei,P20 lite,8,5,9,10,9,4,8,3,10,10
Motorola,moto z3 play,8,4,9,7,5,9,9,5,8,10
Apple,XR,10,9,8,10,9,10,10,10,10,8
Apple,iPhone 7,8,7,9,9,5,9,10,7,9,8
Huawei,Mate 10 lite,10,7,7,10,5,5,10,8,9,10
Oneplus,OnePlus 7 pro,10,7,10,9,10,8,10,7,10,10
Apple,SE 2020,8,6,8,10,9,10,10,5,10,10
Oneplus,7T,9,7,9,10,8,8,10,3,10,9
Nokia,Nokia 8,6,4,5,7,5,8,8,4,9,10
Huawei,P20 pro ,9,7,8,7,9,6,9,6,8,9
Samsung,Samsung galaxy a51,8,10,10,4,8,8,8,1,9,7
Apple,11 Pro,9,9,9,10,8,10,10,9,10,8
Apple,IPhone 7,7,7,10,10,9,3,9,5,9,8
Xiaomi,Mi a1,8,9,8,10,8,7,9,2,8,9
Samsung,J4+,6,5,7,9,6,6,10,4,6,8
Samsung,Galaxy S5,7,6,8,4,7,4,5,5,6,6
Samsung,Galaxy S10,10,9,10,7,9,9,10,9,10,9
Huawei,Huawei P20 Lite,4,9,10,9,8,10,10,7,8,10
Samsung,S9,9,7,9,9,7,9,10,9,10,9
Xiaomi,Redmi S2,9,7,9,10,6,8,8,7,8,10
Xiaomi,Redmi note 7,9,9,7,9,6,8,10,6,8,10
Xiaomi,Redmi 5a,10,8,10,10,8,7,9,7,10,10
Huawei,P9 lite,2,5,6,3,6,5,9,5,1,4
Xiaomi,Mi Mix 3,8,7,8,10,5,6,5,8,10,10
Huawei,P10,8,5,6,8,5,5,7,0,8,8
Samsung,Samsung Galaxy A70,9,9,8,8,10,9,10,8,10,10
Apple,6,5,3,8,10,2,9,10,3,7,10
Apple,i phone 7,9,8,8,10,8,9,10,5,8,8
Google,Pixel XL (1st gen),7,8,6,8,7,7,9,5,8,9
LG,G7 Thinkq,8,6,9,9,6,9,9,10,9,10
Xiaomi,Xiaomi Mi Note 10 Lite,9,8,9,8,10,7,10,5,10,8
Samsung,Galaxy S10+,10,10,10,9,7,10,10,10,10,9
Samsung,Galaxy A7 2018,7,2,8,8,4,4,10,7,10,7
Honor,Honor 9,5,3,7,9,5,7,10,5,7,9
LG,K11 2018,8,7,8,9,9,8,7,4,8,9
Xiaomi,redmi note 7,6,6,9,9,7,4,9,3,6,9
Samsung,samsung galaxy a30s,10,8,9,8,10,7,10,9,10,10
Apple,iPhone 7,9,9,9,9,8,10,10,9,10,9
Xiaomi,Mi 8,10,6,8,10,9,10,10,5,10,10
Samsung,A50,10,10,10,10,9,9,10,10,8,9
Samsung,Galaxy A40,9,9,10,9,10,9,8,7,9,10
Huawei,P10 lite,8,6,8,6,9,7,9,7,10,9
Realme,Realme X2 Pro,10,8,10,5,10,10,10,10,10,10
Samsung,galaxy m21,9,9,9,9,10,8,8,5,10,10
Samsung,Galaxy J3 2016,4,6,7,6,5,7,8,3,4,5
Apple,Iphone 6,7,5,10,10,10,10,10,8,10,10
Xiaomi,Mi 9,10,8,10,10,8,7,10,5,10,10
Xiaomi,REDMI NOTE 8 PRO,8,9,9,9,9,9,9,8,8,10
Redmi,Redmi 6,9,7,6,7,6,7,8,4,9,10
Apple,iPhone 7,8,5,7,9,3,8,8,6,9,8
Apple,8 Plus,10,9,9,10,9,9,10,9,10,8
Xiaomi,Xiaomi Redmi Note 7,7,6,8,5,9,7,10,7,9,9
Samsung,Galaxy j7 2017,10,8,10,9,9,8,10,5,10,10
Apple,iphone 8 plus,8,9,10,10,9,10,10,7,10,0
Motorola,Moto g7 power,9,6,7,7,10,5,9,7,7,8
Honor,Honor 10,10,7,8,7,7,7,9,3,9,10
Redmi,Redmi Note 8 Pro,10,9,9,7,10,8,10,8,10,10
Apple,iPhone 5s,9,6,9,8,4,10,10,5,8,10
Xiaomi,redmi 5 plus ,7,4,9,6,5,6,9,1,9,10
Apple,SE,9,9,10,8,3,9,8,9,8,6
Asus,Zenfone Max Pro M2,9,4,7,8,5,5,9,7,8,8
Samsung,Galaxy S6 edge,3,2,3,1,1,4,5,2,10,5
Huawei,huawei mate 10 lite,9,5,7,9,8,5,8,4,10,10
Samsung,a20,9,6,9,8,9,7,9,7,10,8
Samsung,Galaxy A7 (2018),6,6,8,10,7,9,9,5,5,6
Samsung,Galaxy S9+,7,8,9,8,5,4,8,8,7,6
Samsung,S10e,9,8,8,9,8,8,10,8,9,8
Xiaomi,Redmi note 5,4,6,5,6,7,4,5,3,4,6
Xiaomi,Mi 9T ,9,8,5,4,7,5,4,5,8,10
Xiaomi,Mi 9t Pro,9,8,9,6,8,8,10,4,9,10
Xiaomi,Note 10 lite,9,7,8,9,10,6,10,7,10,10
Oneplus,6,9,6,7,10,7,6,10,7,10,10
Xiaomi,Mi 9 6/128,10,10,10,10,10,10,10,10,10,10
Xiaomi,Mi mix 2s,10,4,6,8,9,5,9,6,9,10
Huawei,Mate 20 lite,6,8,9,7,4,6,8,10,6,7
LG,LG G6,7,8,6,4,5,5,9,8,8,9
Asus,Zenfone max m2,0,4,2,1,10,10,6,8,10,10
Apple,iphone 8 ,9,9,7,10,3,8,10,10,10,9
Asus,Zenfone 6,10,10,8,10,10,9,10,10,10,8
Huawei,Huawei Nova 3,8,5,5,7,5,5,4,5,7,6
Google,Pixel 3,8,10,10,10,7,8,7,6,8,5
Samsung,A51,8,7,9,8,9,8,10,4,7,9
Oneplus,8 Pro,10,8,10,9,10,10,10,7,10,10
Apple,8+,3,1,2,6,1,5,5,3,0,1
Huawei,P30,9,10,9,9,9,9,9,9,8,10
Redmi,Note 8 Pro,9,8,8,9,10,8,8,8,10,10
Redmi,Redmi Note 9 Pro,8,9,8,9,10,9,10,10,10,9
Oneplus,6,8,7,10,9,7,10,10,9,10,10
Redmi,redmi note 8t,9,7,7,8,5,3,6,9,9,10
Xiaomi,Mi10,10,9,10,8,10,10,10,10,10,3
Redmi,Redmi Note 8 Pro,9,7,6,7,9,8,9,8,10,9
Huawei,Nova 5t ,9,8,6,7,7,7,8,8,9,10
Huawei,p30 pro,10,9,10,7,8,5,10,8,9,10
Samsung,Samsung galaxy a20e,6,5,8,8,7,8,9,7,6,6
Xiaomi,Mi 9,10,8,8,9,7,8,10,8,10,10
Samsung,S10+,10,9,9,10,10,10,10,8,10,8
Huawei,p20 lite,6,5,6,8,3,3,7,4,6,7
Xiaomi,Xiaomi Mi 9T,9,9,8,9,8,6,10,10,10,10
Samsung,Galaxy S9,8,10,10,10,7,9,9,10,9,7
Samsung,a20e,7,8,6,10,8,8,8,9,7,6
Honor,Honor 10,3,5,6,3,4,7,8,5,2,4
Oneplus,7 Pro,10,8,10,10,6,8,8,9,9,8
Redmi,Xiaomi redmi 6,6,2,4,8,2,1,6,6,4,2
Honor,Honor 8x,3,7,5,6,4,4,7,4,2,3
Xiaomi,Redmi Note 8 Pro,10,10,10,10,10,8,10,8,10,10
Redmi,4X jest to redmi albo xiaomi ,7,8,4,8,10,7,9,4,6,9
Sony,XPERIA XZ1,7,6,4,8,5,9,10,7,7,10
Apple,iPhone 8,9,10,8,10,9,9,8,7,9,7
Xiaomi,mi 9 t,10,8,8,9,9,8,10,8,10,10
Xiaomi,Mi Note 10 ,10,8,9,9,10,10,10,10,10,9
Xiaomi,Redmi note 8 pro,8,8,7,3,7,7,10,6,7,9
Apple,SE 2020,10,8,6,10,8,10,10,10,10,10
Xiaomi,Mi8 se,7,5,8,2,7,6,10,2,8,10
Xiaomi,Mi 9 T Pro,10,8,7,7,9,10,10,10,8,10
Huawei,Mate 10 lite ,8,7,8,7,6,8,7,7,9,9
Redmi,Notę 8t,7,7,6,7,8,8,9,6,8,9
Xiaomi,Redmi Note 8 pro,10,8,7,9,8,7,9,4,10,8
Samsung,Galaxy S8,8,7,6,8,5,9,8,10,8,9
Xiaomi,Mi 9,9,8,9,9,6,7,10,8,10,10
Huawei,P30 Pro,10,10,9,10,10,7,10,10,10,10
Huawei,mate 20,7,9,6,3,8,8,9,4,6,8
Xiaomi,Xiaomi Mi Note 10,4,8,6,3,10,7,6,6,2,3
Xiaomi,Redmi Note 8 Pro,10,6,7,7,10,7,9,9,10,10
Xiaomi,Mi9t pro,9,8,9,10,8,7,9,7,10,10
Xiaomi,Redmi Note 5 ,3,2,2,4,4,2,7,5,2,4
Apple,Apple iPhone 11 pro,10,10,9,10,10,10,10,10,9,9
Samsung,Galaxy S7,8,7,8,8,3,5,10,8,9,10
Samsung,Galaxy S8,7,3,8,3,4,7,9,7,7,7
Xiaomi,Redmi note 4,7,3,8,0,8,8,3,5,7,10
Apple,11,10,9,10,9,7,9,10,8,10,7
Apple,iphone 11 ,9,8,9,10,8,10,9,8,9,7
Motorola,8 plus czy jakoś tak😅,10,7,8,0,9,9,10,9,10,7
Xiaomi,Mi9,10,9,10,10,4,8,10,8,10,10
LG,G4,3,5,3,4,4,5,10,7,5,8
Redmi,Redmi note 8t,9,10,9,7,10,10,10,9,10,10
Xiaomi,Redmi Note 7,7,6,7,8,10,6,10,4,9,10
Apple,11,10,10,10,10,10,10,10,10,10,10
Xiaomi,redmi note 5,4,5,1,3,2,6,7,8,3,2
Samsung,Samsung galaxy s8,6,5,7,6,5,8,9,8,7,8
Oneplus,8 pro,10,9,10,10,8,8,10,8,10,9
Samsung,Galaxy j5 2016,3,3,3,1,1,2,2,2,2,0
Xiaomi,Redmi note 8t,9,4,7,8,10,6,10,7,10,10
Samsung,Galaxy Note 10+,9,8,10,9,5,6,10,8,9,10
Xiaomi,Redmi Note 8T,9,8,8,7,10,10,10,4,9,10
Samsung,Galaxy S20+ 5G,10,10,10,10,10,10,10,10,10,10
Samsung,S10,10,10,10,10,10,10,10,10,10,9
Honor,9 lite,4,5,4,7,3,5,9,8,6,9
Xiaomi,Mi 9t,8,8,8,7,9,7,7,6,7,9
Oneplus,7t pro,10,5,10,10,10,8,10,4,10,10
Xiaomi,Redmi note 7,8,1,1,1,8,6,9,4,2,8
Apple,iPhone SE first gen,8,6,5,10,6,8,10,2,9,10
Huawei,nova 5t,8,8,6,8,9,4,9,1,10,10
Redmi,8T Note,9,8,10,8,10,10,10,7,9,10
Huawei,Mate 30 Pro,10,10,8,9,10,7,10,7,9,10
Oneplus,8 pro,10,8,10,10,8,8,10,8,10,8
Huawei,Huawei Nova 5T,9,8,7,9,8,7,7,6,9,10
Apple,iphone 11,10,10,10,10,6,10,10,5,9,10
Samsung,Samsung Galaxy A50,10,5,7,7,2,5,9,8,7,5
Huawei,p10 lite ,8,5,6,3,6,4,7,5,3,7
Samsung,a40,3,3,5,4,4,4,5,5,3,4
Xiaomi,Mi Max 3,7,5,7,8,10,7,10,8,9,10
Redmi,Note 8 pro,10,6,7,6,9,6,5,9,10,10
Xiaomi,redmi note 7,10,8,8,10,9,10,9,6,10,10
Oneplus,5T,9,6,8,8,7,5,10,4,10,10
Xiaomi,mi 9t,9,8,8,8,7,7,9,10,10,10
Xiaomi,mi note 10 lite,9,10,10,6,8,5,10,5,8,10
Xiaomi,9t,8,6,8,8,9,7,9,5,9,10
Xiaomi,Mi 9t pro,10,8,9,8,10,7,10,10,10,10
Huawei,mate 20 lite,4,6,2,3,0,4,8,2,4,5
Xiaomi,Redmi note 6 pro,5,5,5,6,7,5,8,5,5,9
Xiaomi,Redmi 4x,8,3,7,4,10,8,10,8,9,8
Xiaomi,Mi 10,10,8,9,7,9,9,9,8,9,10
Samsung,Samsung Galaxy A9,9,5,8,8,7,9,10,7,8,5
Sony,z5 compact,8,7,6,6,5,4,9,9,10,9
Asus,ZenFone Go ZB500KL,5,4,8,4,1,7,10,2,2,6
Samsung,Note 10+,10,10,9,10,10,10,10,8,10,10
Xiaomi,Redmi note 5,7,7,6,9,10,9,8,8,10,10
Huawei,Nova 5T,10,9,8,9,7,9,10,6,9,10
Samsung,Galaxy S8,6,6,7,7,6,6,8,9,7,7
Samsung,A5 2k17,5,2,7,1,2,6,10,8,4,2
Lenovo,Lenovo K6 K33a48,7,6,8,8,9,7,4,5,7,7
Oneplus,Oneplus 6,9,8,7,10,8,6,10,5,10,9
Apple,X,10,9,5,9,8,10,10,9,10,8
Xiaomi,Redmi Note 7,9,8,8,9,7,8,10,6,10,10
Samsung,Galaxy A40,6,6,5,4,5,4,7,9,8,9
Xiaomi,Mi 10 Pro,9,9,10,7,9,10,9,8,8,9
Apple,11 pro,10,10,6,10,10,8,10,9,10,3
Huawei,P30 Pro,10,10,9,9,10,8,10,8,10,10
Motorola,one Vision,10,10,10,10,6,10,10,10,10,10
Huawei,P10,10,7,6,7,8,7,10,6,10,9
Samsung,Galaxy S10 z exynosem,2,10,6,0,0,8,8,8,0,0
Xiaomi,Mi 9T,8,9,8,9,10,8,10,10,10,10
Motorola,One Vision,5,6,6,7,6,7,8,8,7,8
Apple,11,10,8,8,10,8,9,8,8,9,9
Huawei,huawei p30,9,9,10,8,10,10,10,8,8,9
Apple,iPhone 11 64 gb,10,10,9,10,7,9,10,9,10,9
Honor,20,9,6,7,9,8,6,10,2,8,10
Samsung,Galaxy S10e,8,7,9,9,3,9,10,10,9,8
Samsung,Galaxy Note 9 6/128,10,9,10,8,7,9,10,10,8,10
Huawei,P30,9,10,8,9,10,6,6,8,10,10
Xiaomi,Redmi Note 8t,7,5,10,9,7,8,10,8,7,9
Samsung,J3 2016,4,4,3,8,4,7,10,8,8,10
Samsung,A3,6,4,5,5,5,5,9,4,5,6
Xiaomi,REDMI Note 8 Pro,10,8,10,10,10,10,10,10,10,10
Xiaomi,Redmi 4X,7,4,5,7,8,4,9,5,8,9
Redmi,Redmi note 8 pro,8,8,9,9,10,6,10,8,9,10
Apple,X,8,6,9,9,8,6,10,8,10,8
Xiaomi,Mi 9 Lite,8,8,10,6,10,4,10,9,10,10
Xiaomi,Mi a3,8,8,8,7,10,9,10,8,8,10
Xiaomi,Mi 9T Pro,10,6,9,2,8,7,8,6,8,7
Xiaomi,Redmi note 9,9,7,10,10,8,6,10,8,9,10
Samsung,S7 Edge,3,5,2,8,4,6,10,10,8,10
Xiaomi,Redmi note 8 pro,9,8,9,9,10,9,10,7,10,10
Oneplus,Oneplus 7 pro,10,8,10,10,9,9,10,5,10,10
Redmi,redmi note 8 pro,9,8,8,8,9,8,9,7,9,10
Samsung,Galaxy s10+ 128gb,10,9,10,10,10,9,10,10,9,9
Apple,7,10,6,4,10,7,6,10,5,10,7
Xiaomi,Redmi note 7,8,9,8,9,8,8,10,6,10,10
Xiaomi,Redmi 4x,7,5,5,8,10,9,10,7,9,10
Huawei,P20,8,4,6,2,7,8,5,0,5,10
Redmi,Xiaomi redmi note 8t,8,8,10,7,6,8,9,8,9,10
Xiaomi,Redmi 6,4,3,5,5,4,5,8,7,5,4
Xiaomi,Mi 9T Pro,10,9,9,0,7,7,9,6,10,10
Samsung,A51,8,9,10,9,8,10,10,8,9,8
Huawei,Huawei Mate 10 lite ,8,3,6,5,7,4,10,1,10,10
Oppo,Oppo Reno 2,9,9,10,9,8,8,9,10,9,10
Honor,9 lite,8,7,7,8,8,8,8,7,7,7
Oneplus,oneplus 6,9,7,7,4,5,8,9,7,9,6
Oneplus,7t Pro,10,9,10,8,9,8,10,6,9,10
Xiaomi,Mi 9,10,7,8,8,8,6,9,3,10,10
Apple,iphone 8,8,7,6,10,5,7,10,6,9,7
Xiaomi,POCO F2 Pro,10,7,7,7,9,7,10,3,8,10
Samsung,A50,8,7,10,10,8,8,10,6,9,5
Apple,XS,10,8,8,10,4,9,8,5,7,7
Apple,XR,8,7,8,10,6,6,10,7,10,4
Huawei,Mate 20 Pro,9,10,7,9,10,10,10,8,10,9
Samsung,samsung s10+,9,10,9,8,9,10,9,8,8,7
Huawei,Y5 2018 DRA-L21,7,5,4,3,7,6,9,4,5,6
Oneplus,6,7,8,7,9,8,9,10,9,9,9
Xiaomi,Xiaomi p20 lite ,9,6,8,8,5,7,9,3,10,10
LG,LG K11 (to pełna nazwa),8,5,6,8,7,9,8,5,8,9
Huawei,P10 lite,7,5,3,6,1,3,9,5,5,10
Xiaomi,Redmi note 7,9,6,6,10,8,9,9,9,10,10
Xiaomi,mi A2 lite,8,5,10,6,10,7,10,10,9,10
Redmi,Redmi note 8t,7,7,4,5,9,5,8,7,6,10
Samsung,S10,8,9,7,9,2,8,8,8,9,2
Xiaomi,Mi 9T,8,8,9,10,9,7,9,8,8,10
Xiaomi,xiaomi mi 8 lite,8,6,6,8,8,8,9,6,8,7
Xiaomi,Xiaomi Mi9T,7,7,8,7,9,8,8,6,9,10
LG,V20,3,7,4,2,3,9,8,7,4,7
Huawei,P30 Pro ,6,10,8,7,8,6,10,8,8,4
Xiaomi,Mi 9T Pro,9,7,8,7,8,8,9,8,9,10
Oneplus,Oneplus 7 pro,10,9,10,10,9,9,10,6,10,9
Xiaomi,mi9t,9,6,10,8,10,8,10,10,10,10
Apple,iPhone XS Max ,10,9,10,10,6,10,10,6,10,10
Oneplus,oneplus 6,10,7,7,10,6,6,10,8,10,10
Apple,iPhone SE 2020,10,5,4,10,5,9,10,7,9,9
HTC,Htc desire 10 lifestyle,2,0,7,0,0,10,4,8,4,3
Samsung,Galaxy A10,7,4,6,3,6,9,10,5,8,6
Xiaomi,mi9,7,8,8,5,7,3,9,7,6,9
Huawei,Huawei p9 lite,7,4,8,10,9,8,10,0,7,5
Huawei,P30 lite new edition ,8,10,8,10,8,6,9,9,10,10
Samsung,Galaxy J6,8,6,5,1,9,10,10,6,8,10
Xiaomi,Note 8 pro,10,3,9,9,9,6,10,6,10,10
Lenovo,Lenovo A916,7,2,8,1,5,8,10,8,7,9
Xiaomi,Mi A3,7,7,5,5,8,4,10,7,6,9
Samsung,Galaxy Note 10 Plus 5G,10,9,9,9,10,10,10,10,10,9
Apple,iPhone 8,9,4,10,9,2,7,10,3,5,8
Redmi,Redmi 8 (olive),6,5,4,9,8,7,9,8,8,7
Huawei,Huawei P30 Pro,10,10,8,10,9,9,10,10,10,9
Apple,6s,7,4,3,10,2,7,8,2,5,5
Apple,6s,9,8,6,10,7,8,9,5,9,9
Redmi,redmi note 7,6,5,6,10,10,6,8,9,8,10
Huawei,Huawei mate 10 lite ,6,5,5,6,7,4,10,7,0,6
Apple,7 plus,7,8,6,9,3,8,10,4,9,9
LG,G8s Thinq,8,8,9,7,8,9,10,10,9,9
Apple,X,10,6,8,10,8,8,10,10,10,8
Huawei,Huawei P9 lite,7,8,5,6,3,4,5,7,6,8
Apple,xs max,9,5,7,10,8,9,9,6,8,8
Apple,SE (2016),8,6,7,9,4,5,10,8,10,10
Xiaomi,redmi note 8 pro,9,9,8,7,9,9,10,7,8,10
Samsung,Galaxy A6+,4,5,6,2,3,2,8,4,2,0
Samsung,Galaxy A7 2018,7,7,8,10,6,6,8,7,9,9
Samsung,S9 plus,10,9,10,9,10,10,10,10,10,8
Motorola,G5s,7,3,7,8,9,3,10,5,8,10
Samsung,galaxy a20e,9,7,8,7,7,10,10,7,10,10
Xiaomi,Xiaomi Redmi 6,7,5,4,8,6,4,8,4,7,10
Xiaomi,Mi Mix 2s ,10,8,6,9,7,6,10,6,10,10
Samsung,galaxy s7 edge,8,5,9,7,6,8,5,9,8,7
Samsung,Xcover 3,2,3,5,4,6,7,10,4,7,10
Apple,XR,10,7,8,8,9,8,10,5,10,6
Oneplus,OnePlus 7,9,6,9,10,8,5,10,6,10,10
LG,K8 LTE,3,2,4,2,0,2,9,3,4,10
Huawei,Mate 10 Lite,9,10,8,5,7,7,7,4,7,8
Xiaomi,redmi 9A,10,9,9,6,5,8,10,6,9,10
Samsung,Galaxy A5 2016,5,4,4,5,4,6,8,4,4,7
Huawei,Huawei mate 10 pro ,5,8,4,4,2,7,7,5,5,7
Xiaomi,Mi 8,10,8,9,10,6,8,9,8,10,10
Xiaomi,Redmi 5A,6,8,7,7,10,9,8,0,8,10
Huawei,Mate 20 lite,4,7,7,4,2,3,10,5,6,7
Apple,6s,8,6,7,9,8,10,10,5,10,10
